nama,sinta_id,dept,sinta_score,sinta_3yr_score,scopus_h_index,gs_h_index
ERNAWULAN SYAODIH,6114767,Pendidikan Dasar (S2),1.152,582,5,15
LILI ADI WIBOWO,5984836,Manajemen (S2),1.502,580,5,14
NURYANI RUSTAMAN,5991811,Pendidikan Biologi (S1),2.637,579,7,29
ANDRIA PRAGHOLAPATI,6774276,Keperawatan (D3),974,576,0,15
AGUS RAHAYU,5985049,Manajemen (S3),1.145,516,5,13
YUNUS ABIDIN,257816,Pendidikan Guru Sekolah Dasar Kampus Cibiru (S2),1.099,508,2,20
AHMAD MUDZAKIR,5994127,Pendidikan Kimia (S2),1.529,504,6,13
SUMARDI,6006460,Unknown,1.442,501,0,23
TEDI SUPRIYADI,5993317,PGSD Penjas Kampus Sumedang (S1),1.074,500,8,12
VANESSA GAFFAR,5993246,Manajemen (S3),1.197,574,7,16
MUNIR,5974517,Pendidikan Ilmu Komputer (S2),2.173,573,6,14
SITI NURBAYANI K,5976314,Pendidikan Sosiologi (S2),1.120,573,2,6
ARI WIDODO,257822,Pendidikan Ilmu Pengetahuan Alam (S2),2.836,569,8,25
HAMIDIE RONALD DANIEL RAY,5978997,Ilmu Keolahragaan (S1),1.080,500,5,8
EENG AHMAN,5991829,Manajemen (S3),1.180,499,6,18
ARJUNI BUDI PANTJAWATI,5994602,Pendidikan Teknik Elektro (S1),937,492,6,7
LILI SOMANTRI,5995390,Sains Informasi Geografi (S1),934,489,4,8
IRMA DARMAWATI,6725313,Keperawatan (D3),1.005,482,2,6
DEDY ACHMAD KURNIADY,5993195,Administrasi Pendidikan (S2),1.193,566,3,9
MAMAT RUHIMAT,5979213,Pendidikan Ilmu Pengetahuan Sosial (S3),1.404,565,4,10
ASEP BAYU DANI NANDIYANTO,5974504,Kimia (S2),13.303,2.513,35,43
ACHMAD SAMSUDIN,257767,Pendidikan Fisika (S1),5.043,1.324,14,28
SYIFAUL FUADA,5981677,Sistem Telekomunikasi (S1),4.311,1.294,15,22
DADANG JUANDI,6042761,Pendidikan Matematika (S3),2.697,1.080,8,20
BUDI MULYANTI,5993841,Teknik Elektro (S1),2.427,1.054,9,10
AGUS RUSDIANA,5975690,Ilmu Keolahragaan (S1),2.157,1.033,4,10
ADE GAFAR ABDULLAH,257412,Pendidikan Teknologi dan Kejuruan (S2),5.421,981,13,19
RINA MARYANTI,6768594,Pendidikan Khusus (S1),1.622,934,9,16
WAWAN SETIAWAN,5977494,Unknown,2.494,911,9,21
NUUR WACHID ABDUL MAJID,6054692,Pendidikan Sistem dan Teknologi Informasi Kampus P (S1),1.570,910,4,13
YULIA RAHMAWATI,5999482,Pendidikan Teknologi dan Kejuruan (S3),1.452,778,9,6
HENDRIYANA,6658557,Rekayasa Perangkat Lunak (S1),967,751,1,2
LILIK HASANAH,5994035,Fisika (S1),2.335,750,8,13
ENDI SUHENDI,5976806,Fisika (S1),2.058,745,7,16
TURMUDI,5991823,Pendidikan Matematika (S3),2.338,739,8,15
SRI ANGGRAENI,6006569,Pendidikan Biologi (S2),1.976,737,6,10
LALA SEPTEM RIZA,5975668,Pendidikan Ilmu Komputer (S2),3.015,728,12,16
DENI DARMAWAN,5973309,Pengembangan Kurikulum (S3),2.428,727,5,34
FITRI KHOERUNNISA,258263,Kimia (S1),2.568,723,13,15
TOPIK HIDAYAT,256954,Biologi (S1),2.403,712,7,15
LUTFI NUR,5977298,Desain Produk Industri Kampus Tasikmalaya (S1),885,564,5,11
MUKTIARNI,6745839,Pendidikan Tata Boga (S1),696,562,4,7
DARHIM,6166301,Pendidikan Matematika (S3),1.345,557,8,12
ENOK MARYANI,5975781,Pendidikan Geografi (S3),1.549,554,5,16
SHANDRA RAMA PANJI WULUNG,6680229,Pendidikan Pariwisata (S1),638,549,2,7
AMIR MACHMUD,5974528,Pendidikan Ekonomi (S2),1.221,543,6,18
YAYAN SANJAYA,5978995,Pendidikan Biologi (S2),1.582,537,3,11
MUMU KOMARO,5993878,Pendidikan Teknik Mesin (S1),1.173,528,4,9
VISMAIA S DAMAIANTI,5993885,Pendidikan Bahasa Indonesia (S3),1.138,525,3,12
BETA PARAMITA,258001,Arsitektur (S2),1.201,522,6,9
IWAN SETIAWAN,5995430,Pendidikan Geografi (S1),981,423,4,8
MOHAMMAD ALI,5980905,Pengembangan Kurikulum (S3),1.039,422,3,28
APRI WIYONO,6186779,Pendidikan Teknik Otomotif (S1),552,422,4,5
BACHRUDIN MUSTHAFA,5991800,Linguistik (S3),840,418,3,15
ISROK ATUN,5993192,PGSD Kampus Sumedang (S1),1.281,417,5,14
AHMAD BUKHORI MUSLIM,5974554,Pendidikan Bahasa Inggris (S3),725,414,3,7
MUHAMAD PARHAN,6709291,Pendidikan Ilmu Pengetahuan Sosial (S2),721,413,2,13
FUAD ABDUL HAMIED,5978397,Pendidikan Bahasa Inggris (S2),991,413,5,17
DWI FITRIA AL HUSAENI,6803656,Unknown,434,412,3,8
SRI SETYARINI,6121097,Pendidikan Bahasa Inggris (S3),654,410,2,9
RUDI SUSILANA,5985142,Pengembangan Kurikulum (S3),929,408,2,16
SUNARDI,6656915,Pendidikan Khusus (S3),1.359,403,5,6
ENJUN JUNAETI,5992648,Pendidikan Ilmu Komputer (S1),911,402,4,7
UDIN SUPRIADI,5993561,Ilmu Pendidikan Agama Islam (S1),655,401,2,8
TAUFIK RAMLAN RAMALIS,5994709,Pendidikan Fisika (S2),1.066,401,3,10
AGUS BUDIMAN,5995789,Pendidikan Seni Tari (S1),523,401,3,7
ELAH NURLAELAH,6665327,Pendidikan Matematika (S2),834,399,4,12
YUSUF TRI HERLAMBANG,5987552,PGSD Kampus Cibiru (S1),521,398,1,12
ANDHY SETIAWAN,6040311,Fisika (S1),1.431,396,6,10
YAYAN NURBAYAN,258249,Pendidikan Bahasa Arab (S1),883,391,1,9
UPIK RAHMI,5978408,Keperawatan (D3),723,457,1,7
RIZKY ROSJANUARDI,5978531,Pendidikan Matematika (S2),1.577,456,4,8
WAHYUDIN,5979725,Pendidikan Ilmu Komputer (S2),1.678,451,6,4
DINN WAHYUDIN,5983880,Pendidikan Profesi Guru (Profesi),1.542,444,3,19
HERNANI,6662199,Pendidikan Kimia (S2),1.010,441,6,6
DR.PARLINDUNGAN SINAGA M.SI,5989835,Pendidikan Ilmu Pengetahuan Alam (S3),1.517,438,7,15
DISMAN,5991816,Pendidikan Ekonomi (S3),1.037,433,5,7
DIDI SUHERDI,5978101,Pendidikan Bahasa Inggris (S3),1.043,428,4,15
PUPUNG PURNAWARMAN,5979299,Pendidikan Bahasa Inggris (S3),854,428,4,12
"Prof. DR. ENDANG ROCHYADI, M.PD",6139442,Unknown,766,423,2,8
LILIASARI,5991831,Pendidikan Ilmu Pengetahuan Alam (S3),2.388,636,9,21
RIANDI,5995561,Pendidikan Ilmu Pengetahuan Alam (S3),1.932,629,7,15
DINIE ANGGRAENI DEWI,6684318,PGSD Kampus Cibiru (S1),1.866,622,1,19
EKA CAHYA PRIMA,5977482,Pendidikan IPA (S1),1.688,616,11,16
PARSAORAN SIAHAAN,6088571,Pendidikan Ilmu Pengetahuan Alam (S2),1.753,613,6,16
ERI KURNIAWAN,5994389,Linguistik (S2),1.081,612,4,13
AAN KOMARIAH,6101488,Administrasi Pendidikan (S3),1.996,603,3,26
ELLY MALIHAH,5978468,Pariwisata (S2),1.723,603,2,19
ROER EKA PAWINANTO,6745886,Pendidikan Teknik Otomasi Industri dan Robotika (S1),1.304,587,10,9
MUBIAR AGUSTIN,6128201,Pendidikan Dasar (S2),1.002,582,1,14
YAYA S. KUSUMAH,6676817,Pendidikan Matematika (S3),1.494,481,12,27
JARNAWI AFGANI DAHLAN,5974544,Pendidikan Matematika (S3),1.776,479,7,25
AMUNG MAMUN,5994366,Pendidikan Olahraga (S3),1.048,475,3,14
PUSPO DEWI DIRGANTARI,5980376,Pendidikan Bisnis (S1),954,472,5,9
DADANG SUNDAWA,5990764,Pendidikan Ilmu Pengetahuan Sosial (S3),1.069,469,2,9
DIDIN SARIPUDIN,5984366,Pendidikan Sejarah (S3),1.165,467,8,14
SOFYAN SAURI,5979751,Pendidikan Bahasa Arab (S2),1.003,466,1,18
ASEP YUDI PERMANA,5977218,Arsitektur (S2),880,461,3,13
NANANG PRIATNA,5980973,Pendidikan Matematika (S2),1.487,460,6,15
HENY HENDRAYATI,5994544,Manajemen (S1),923,459,2,10
NOVI SOFIA FITRIASARI,5989748,Sistem Informasi Kelautan (S1),713,390,2,5
NANA SUPRIATNA,5993532,Pendidikan Sejarah (S3),926,390,2,18
RIKI RIDWANA,6659655,Survey Pemetaan dan Informasi Geografis (D3),546,390,3,6
ACE SURYADI,5979226,Unknown,1.117,389,4,21
EYUS SUDIHARTINIH,5975856,Pendidikan Matematika (S1),899,389,2,9
ARIF HUSEIN LUBIS,6755247,Pendidikan Bahasa Korea (S1),735,389,4,9
DASIM BUDIMANSYAH,5979876,Pendidikan Kewarganegaraan (S3),1.125,389,4,27
DADAN DASARI,6000619,Pendidikan Matematika (S2),629,385,2,7
SANDEY TANTRA PARAMITHA,5977670,Ilmu Keolahragaan (S1),890,383,1,5
AHMAD YANI,5975048,Pendidikan Geografi (S3),1.031,381,4,9
WINNY LILIAWATI,257924,Pendidikan Fisika (S2),1.175,380,4,12
EGA TAQWALI BERMAN,5979284,Teknik Mesin (D3),827,379,3,7
SUWATNO,5991814,Pendidikan Ekonomi (S2),1.158,374,2,19
GHULLAM HAMDU,5994188,Pendidikan Guru Sekolah Dasar Kampus Tasikmalaya (S2),1.042,373,2,14
EUIS KURNIATI,6001374,Pendidikan Anak Usia Dini (S2),800,373,0,13
RENDI RESTIANA SUKARDI,6745722,PGSD Kampus Cibiru (S1),503,372,4,7
PRANA DWIJA ISWARA,5977036,Pendidikan Dasar (S2),1.195,371,4,12
SELLY FERANIE,5978969,Fisika (S1),1.478,369,6,13
MUSTIKA FITRI,5994049,Ilmu Keolahragaan (S1),721,369,3,6
JUJU MASUNAH,258201,Pendidikan Seni (S3),699,367,1,9
SYIHABUDDIN,5990111,Pendidikan Bahasa Arab (S2),860,352,2,16
JUNTIKA NURIHSAN ,5987356,Psikologi Pendidikan (S2),993,352,2,23
SOFYAN ISKANDAR,5991107,Pengembangan Kurikulum (S3),600,350,1,2
WARLIM,6124952,Pendidikan Umum dan Karakter (S2),981,350,0,23
JAJA KUSTIJA,5993968,Pendidikan Teknik Elektro (S1),588,347,3,6
YUDY HENDRAYANA,6661161,Pendidikan Olahraga (S3),580,346,3,10
YAYA WIHARDI,5994413,Ilmu Komputer (S1),785,345,4,7
ANGGI SETIA LENGKANA,5993735,PGSD Penjas Kampus Sumedang (S1),564,344,4,20
TITE JULIANTINE,5995777,"Pendidikan Jasmani, Kesehatan Dan Rekreasi (S1)",694,343,1,12
DIDI SUKYADI,5978293,Pendidikan Bahasa Inggris (S1),778,343,4,13
HERI YUSUF MUSLIHIN,6118136,Pendidikan Guru Sekolah Dasar Kampus Tasikmalaya (S2),531,367,1,7
YUSUF HIDAYAT,6136712,Pendidikan Olahraga (S2),714,366,3,10
INDRA MAMAD GANDIDI,5975145,Pendidikan Teknik Mesin (S1),724,365,7,9
DUDEN SAEPUZAMAN,258293,Pendidikan Fisika (S1),1.392,365,6,13
DELLA AYU LESTARI,6697506,Sistem Informasi Kelautan (S1),432,363,2,3
SYTI SARAH MAESAROH,6681118,Bisnis Digital (S1),391,360,0,0
TRIANTI NUGRAHENI,5995195,Pendidikan Seni (S2),600,359,1,6
YOYOH JUBAEDAH,5993750,Pendidikan Kesejahteraan Keluarga (S1),811,356,2,7
ANI NUR AENI,5993277,PGSD Kampus Sumedang (S1),1.337,355,1,16
MOHAMMAD RINDU FAJAR ISLAMY,6722290,Ilmu Pendidikan Agama Islam (S1),428,355,0,7
DIANA ROCHINTANIAWATI,6140567,Pendidikan IPA (S1),1.273,342,3,15
BAMBANG SUPRIATNO,5992701,Pendidikan Biologi (S2),1.138,340,2,11
AAN HASANAH,6000349,Pendidikan Matematika (S1),432,340,2,6
NURLAN KUSMAEDI,6146204,Ilmu Keolahragaan (S1),611,339,3,11
HERY SUPIARZA,6664624,Film dan Televisi (S1),651,337,1,9
ADANG SUHERMAN,5989871,Pendidikan Olahraga (S3),1.157,336,4,16
DIANA NOOR ANGGRAINI,6140867,Pendidikan IPS (S1),429,336,3,6
DIAN USDIYANA,6041973,Pendidikan Matematika (S1),450,336,4,7
HAFIZIANI EKA PUTRI,5994008,Pendidikan Geografi (S3),588,336,2,11
SITI SRIYATI,6004536,Pendidikan Biologi (S2),876,334,4,11
SRI MULYANI,6123713,Pendidikan Kimia (S1),920,333,5,0
NURJANAH,5995393,Pendidikan Matematika (S1),568,332,3,6
LENI ANGGRAENI,5988484,Pendidikan Pancasila Dan Kewarganegaraan (S1),597,331,2,6
SUHARNO,5994737,Pendidikan Bahasa Inggris (S1),435,330,4,0
YANTY WIRZA,6658778,Pendidikan Bahasa Inggris (S2),552,330,2,6
KARIM SURYADI,5988516,Pendidikan Kewarganegaraan (S3),617,330,2,11
AFIANTI SULASTRI,5994273,Keperawatan (D3),432,329,2,5
ANDREAS SUWANDI,6681654,Pendidikan Pariwisata (S1),337,328,0,4
DEDE SUGANDI,5989548,Pendidikan Geografi (S2),830,326,3,11
KAMA ABDUL HAKAM,5993710,Pendidikan Umum dan Karakter (S3),717,324,2,11
AL JUPRI,5974523,Pendidikan Matematika (S1),2.346,896,8,17
ANDI SUHANDI,6005865,Pendidikan Fisika (S2),3.567,881,13,23
IDA HAMIDAH,5978332,Pendidikan Teknik Otomotif (S1),2.271,857,10,16
WAHYUDIN,5991845,Pendidikan Matematika (S1),3.393,848,6,17
TATANG HERMAN,5986217,Pendidikan Dasar (S3),2.761,845,9,24
ACHMAD HUFAD,5977826,Pendidikan Khusus (S3),1.900,819,6,11
KOKOM KOMALASARI,5984369,Pendidikan Kewarganegaraan (S2),1.999,808,9,20
WAHYU SOPANDI,5989208,Pendidikan Dasar (S3),2.203,798,7,21
ISMA WIDIATY,5978971,Pendidikan Kesejahteraan Keluarga (S1),2.586,794,6,13
HELI SITI HALIMATUL MUNAWAROH,5978104,Kimia (S2),1.813,781,17,19
BADRUZAMAN,5994459,Ilmu Keolahragaan (S1),519,312,1,5
YETI MULYATI,5993970,Pendidikan Bahasa Indonesia (S3),685,311,3,14
ANA RATNA WULAN,5995001,Pendidikan Biologi (S1),951,306,3,15
BUDIMAN ANWAR,5978128,Kimia (S1),521,306,4,7
KOMARUDIN,5992835,Pendidikan Kepelatihan Olahraga (S1),663,303,1,6
HR AAM HAMDANI,5993854,Pendidikan Teknik Mesin (S1),697,302,4,6
TOMMI HARIYADI,5992365,Teknik Elektro (S1),1.089,302,6,8
RIKO ARRASYID,6681555,Pendidikan Pariwisata (S1),444,301,1,3
WILDAN INSAN FAUZI,5992676,Pendidikan Sejarah (S1),513,301,1,5
PIPIT PITRIANI,6663966,Pendidikan Kepelatihan Olahraga (S1),370,301,1,4
EDI HENDRI MULYANA,5978623,PGPAUD Kampus Tasikmalaya (S1),962,300,4,9
IRMA RAHMA SUWARMA,5983995,Pendidikan Fisika (S2),768,298,4,14
ATEP SUJANA,5993423,PGSD Kampus Sumedang (S1),1.169,298,4,18
JUDHISTIRA ARIA UTAMA,6125861,Fisika (S1),980,297,4,7
R ASEP KADAROHMAN,5984423,Pendidikan Ilmu Pengetahuan Alam (S3),1.157,297,8,16
DINI HANDAYANI,6676481,Unknown,1.028,297,7,0
ELIYAWATI,6000519,Pendidikan IPA (S1),436,295,1,5
DODI SURYANA,6121280,Bimbingan Dan Konseling (S1),414,295,3,6
FAHMI CANDRA PERMANA,6068366,Pendidikan Multimedia Kampus Cibiru (S1),436,293,2,6
BAMBANG AVIP PRIATNA MARTADIPUTRA,6124136,Pendidikan Matematika (S1),564,292,2,8
TATANG MUHTAR,5993773,Pendidikan Jasmani (S2),689,323,3,12
RAHMAN,5991818,Pendidikan Dasar (S3),829,323,1,8
NURTI BUDIYANTI,6715332,Manajemen Resort dan Leisure (S1),392,322,0,10
RIRIN SISPIYATI,5986406,Pendidikan Matematika (S1),510,322,3,6
VINA ADRIANY,5979511,Pendidikan Anak Usia Dini (S2),997,317,6,12
HISNY FAJRUSSALAM,6688267,PGSD Kampus Purwakarta (S1),421,317,0,6
WAWAN GUNAWAN,5994823,Linguistik (S2),740,317,3,7
SUPRIADI,5994493,PGSD Kampus Serang (S1),643,315,3,8
BELTASAR TARIGAN,5979103,Pendidikan Olahraga (S3),744,313,4,13
IWAN KUSTIAWAN,5996452,Teknik Elektro (S1),741,312,4,7
SEPTIAN ANDRIYANI,6088520,Keperawatan (D3),426,290,1,7
AHMAD AMINUDIN,6002113,Fisika (S1),931,288,5,7
VIDI SUKMAYADI,5975463,Ilmu Komunikasi (S1),551,288,5,7
ISKANDAR MUDA PURWAAMIJAYA,257939,Teknik Sipil (S1),547,287,2,5
FITRI RAHMAFITRIA,6067571,Manajemen Resort dan Leisure (S1),630,286,5,8
NURBAETY AGUSTINA DEWI RATNASARI,6666061,Unknown,871,286,0,33
SUSAN FITRIASARI,5989821,Pendidikan Pancasila Dan Kewarganegaraan (S1),438,286,1,5
NAHADI,5978998,Pendidikan Kimia (S2),974,285,4,8
YUSUF MURTADLO HIDAYAT,6127532,Pendidikan Bisnis (S1),312,285,1,4
YUNYUN YUDIANA,5994858,"Pendidikan Jasmani, Kesehatan Dan Rekreasi (S1)",510,284,2,12
SIMA MULYADI,6682859,Pendidikan Guru Sekolah Dasar Kampus Tasikmalaya (S2),459,276,0,7
AIM ABDULKARIM,5992379,Pendidikan Kewarganegaraan (S3),563,274,3,11
JOHAR MAKNUN,5994899,Pendidikan Teknik Arsitektur (S1),1.020,273,4,12
DADANG SUNENDAR,5982345,Pendidikan Bahasa Indonesia (S3),607,271,2,9
LILIT RUSYATI,6102491,Pendidikan IPA (S1),663,271,3,7
JUANG AKBARDIN,5979018,Teknik Sipil (S1),599,271,4,7
SUMIYADI,5994381,Pendidikan Bahasa Indonesia (S3),476,271,1,4
CEP UBAD ABDULLAH,6681401,Pendidikan Pariwisata (S1),664,269,5,7
SUCI TUTY PUTRI ,5975877,Keperawatan (D3),424,268,2,7
"DR. ILFIANDRA, M.PD",5989603,Bimbingan Dan Konseling (S2),668,268,3,9
LUKMAN HAKIM,6754055,Pendidikan Bahasa Inggris (S1),999,284,1,1
TATAT HARTATI,6038950,Pendidikan Dasar (S2),664,281,1,13
BUDI SUSETYO,6016781,Pendidikan Khusus (S3),829,281,3,7
MUSTIKA NURAMALIA HANDAYANI,5979659,Pendidikan Teknologi Agroindustri (S1),782,268,5,9
HERMAN SUBARJAH,5994028,Pendidikan Olahraga (S3),785,266,3,12
ADIB RIFQI SETIAWAN,6710906,Unknown,299,266,0,26
SUMARTO,5979244,Pendidikan Teknologi dan Kejuruan (S3),980,264,3,7
TJUTJU YUNIARSIH,5986201,Manajemen Perkantoran (S2),832,264,3,15
USEP SURAHMAN,5978237,Arsitektur (S2),883,280,6,8
TATI NARAWATI,5995150,Pendidikan Seni (S3),554,280,1,8
WILODATI,5976344,Pendidikan Sosiologi (S2),508,279,0,6
MUNAWAR RAHMAT,5993616,Pendidikan Ilmu Pengetahuan Sosial (S2),664,279,3,9
NENI ROHAENI,5978803,Pendidikan Kesejahteraan Keluarga (S1),650,279,1,5
DITA AMANAH,5976422,Pendidikan Bisnis (S1),732,278,2,19
ANDOYO SASTROMIHARJO,5987306,Pendidikan Bahasa Indonesia (S3),536,276,3,8
VINA DWIYANTI,6745842,Teknik Logistik (S1),308,264,3,6
KARTIKA YULIANTI,5979108,Pendidikan Matematika (S1),543,264,3,9
GALUH YULIANI,5975260,Kimia (S2),924,263,7,9
MOKHAMAD SYAOM BARLIANA,257912,Arsitektur (S2),818,262,3,9
RUSMAN,5995802,Pengembangan Kurikulum (S2),619,262,2,10
ELIH SUDIAPERMANA,6687259,Pendidikan Masyarakat (S3),543,261,1,6
RICKY WIBOWO,5982918,PGSD Pendidikan Jasmani (S1),428,260,0,6
SYARIP HIDAYAT,5996277,Pendidikan Guru Sekolah Dasar Kampus Tasikmalaya (S2),529,260,2,10
ARIF ISMAIL,5974521,Survey Pemetaan dan Informasi Geografis (D3),584,259,4,9
YENI RACHMAWATI,5988495,Pendidikan Guru Pendidikan Anak Usia Dini (S1),777,256,1,14
TAOPIK RAHMAN,5978619,PGPAUD Kampus Tasikmalaya (S1),660,256,1,8
RIDWAN EFENDI,5987645,Pendidikan Fisika (S1),584,256,3,7
JAJAT S ARDIWINATA,5994332,Pendidikan Masyarakat (S3),508,255,1,6
AYU KRISHNA YULIAWATI,5977407,Manajemen (S1),647,255,4,11
DIDIK PRIYANDOKO,6658318,Biologi (S1),1.081,255,8,12
CECE RAKHMAT,5993220,Pendidikan Khusus (S1),482,254,2,9
ASEP SOPIAN,258048,Pendidikan Bahasa Arab (S1),562,253,0,5
LISNA ANISA FITRIANA,5995020,Keperawatan (D3),431,253,2,5
YAYANG FURI FURNAMASARI,6732204,PGSD Kampus Cibiru (S1),1.021,251,0,10
HENDRAWAN,5994163,Kimia (S1),825,250,8,7
FEBBRY CIPTA,5995501,Pendidikan Seni Musik (S1),333,250,1,3
AL AZHARY MASTA,6007709,Matematika (S1),655,250,5,6
MUHAMMAD HANIF,6747537,PGSD Kampus Serang (S1),448,250,3,7
HERLI SALIM,6003534,PGSD Kampus Serang (S1),433,249,1,5
MUSTOFA KAMIL,5994180,Pendidikan Masyarakat (S2),678,249,2,14
ENDANG CAHYA MULYANING A,6121877,Pendidikan Matematika (S2),619,239,4,5
UDIN SYAEFUDIN SAUD,6134774,Pendidikan Dasar (S3),554,239,2,17
DEDI ROHENDI,5978259,Pendidikan Teknik Otomotif (S1),1.049,239,5,11
ERNA PIANTARI,6143243,Pendidikan Ilmu Komputer (S1),336,238,2,4
FITRI NURAENI,6694029,PGSD Kampus Purwakarta (S1),474,238,2,5
DEDE ROHMAT NURJAYA,6011830,Pendidikan Kepelatihan Olahraga (S1),293,237,2,5
YULIANETA,6122021,Pendidikan Bahasa Indonesia Bagi Penutur Asing (S2),492,237,1,6
EKI NUGRAHA,6111743,Pendidikan Ilmu Komputer (S1),552,234,4,5
WANJAT KASTOLANI,258204,Pendidikan Geografi (S2),634,234,2,8
ACENG KOSASIH,5976354,Pendidikan Umum dan Karakter (S3),543,233,2,9
TRIANA LESTARI,6006681,PGSD Kampus Cibiru (S1),359,220,0,7
RINI SOLIHAT,6005021,Pendidikan Biologi (S1),428,219,2,6
WAWAN DARMAWAN,5992655,Pendidikan Sejarah (S3),447,219,2,6
EKA FITRAJAYA RAHMAN,6038107,Pendidikan Ilmu Komputer (S1),533,219,5,6
IMAS KURNIAWATY,6146729,Manajemen Pemasaran Pariwisata (S1),294,218,1,8
SUMAR HENDAYANA,5994178,Unknown,1.114,218,9,17
YAYAT SUDARYAT,5987640,Pendidikan Bahasa dan Budaya Sunda (S2),905,218,2,11
ENJANG YUSUP ALI,6749656,PGSD Kampus Sumedang (S1),221,217,1,2
ENDAH FITRIYANI,6681704,Pendidikan Pariwisata (S1),224,217,0,4
WIDI PURWIANINGSIH,6004348,Pendidikan Biologi (S2),764,215,4,9
ANA,5994248,Pendidikan Kesejahteraan Keluarga (S1),1.825,710,7,12
JULIA,5975686,PGSD Kampus Sumedang (S1),1.954,703,8,14
RATIH HURRIYATI,5984336,Manajemen (S3),2.573,702,8,19
SUFYANI PRABAWANTO,5995121,Pendidikan Matematika (S2),2.450,702,7,16
AGUS SETIAWAN,259466,Pendidikan Teknik Mesin (S1),3.036,697,13,21
DADI RUSDIANA,5974813,Pendidikan Fisika (S2),2.716,694,11,21
DIDI SURYADI,5994183,Pendidikan Matematika (S3),2.912,656,8,28
SITI FATIMAH,5978161,Pendidikan Matematika (S2),1.933,649,7,12
DIAN PERMATA SARI,6160445,Pendidikan Sistem dan Teknologi Informasi Kampus P (S1),937,645,5,3
IDA KANIAWATI,6005868,Pendidikan Ilmu Pengetahuan Alam (S3),2.738,643,12,27
DIAH KUSUMAWATY,6005459,Biologi (S1),543,249,5,7
"DR. M. SOLEHUDDIN, M.PD., M.A.",5995348,Bimbingan Dan Konseling (S3),649,248,3,9
NURIA HARISTIANI,5994096,Pendidikan Bahasa Jepang (S2),869,246,7,8
SALSA SOLLI NAFSIKA,6778100,Film dan Televisi (S1),317,244,0,7
NANANG WINARNO,6079273,Pendidikan IPA (S1),714,243,3,11
SITI KOMARIAH,5976333,Pendidikan Sosiologi (S2),544,242,1,8
CUCUN SUNAENGSIH,5993226,PGSD Kampus Sumedang (S1),733,242,2,9
CICA YULIA,5995421,Pendidikan Tata Boga (S1),680,242,4,9
FARAH AYUNDA YASMIN,6739238,Unknown,946,242,0,23
SYAMSU YUSUF LN,5991749,Unknown,891,240,2,33
DEWI TURGARINI,6681270,Manajemen Industri Katering (S1),388,233,0,6
ASEP SAEPUDIN,5994652,Pendidikan Masyarakat (S3),559,233,0,13
AGUS HERI SETYA BUDI,6003446,Teknik Elektro (S1),485,233,3,4
NANDANG RUSMANA,5995335,Bimbingan Dan Konseling (S3),603,233,2,11
MAYA SARI,5984857,Manajemen (S3),470,233,2,10
SANDIE GUNARA,5977160,Pendidikan Seni Musik (S1),358,233,2,7
USEP KUSWARI,5987461,Pendidikan Bahasa dan Budaya Sunda (S2),446,232,1,4
FAHRUDIN,5993594,Pendidikan Agama Islam (S2),447,231,2,6
ROFI ROFAIDA,5993860,Manajemen (S2),552,231,1,11
AHMAD MULYADIPRANA,6000290,PGSD Kampus Tasikmalaya (S1),292,231,0,6
MUPID,5993544,Pendidikan Umum dan Karakter (S3),247,215,1,4
MUHAMMAD TAUFIK DWI PUTRA,6745726,Teknik Komputer (S1),260,214,1,1
TAUFIK RAHMAN,6081100,Pendidikan Ilmu Pengetahuan Alam (S2),595,214,2,9
ARIF HIDAYAT,257991,Pendidikan Fisika (S1),529,214,3,4
IIM SITI MASYITOH,5992560,Pendidikan Kewarganegaraan (S2),421,213,1,4
R BOYKE MULYANA,6139448,Pendidikan Kepelatihan Olahraga (S1),383,211,2,4
ASEP HADIAN SASMITA,5993940,Teknik Mesin (D3),560,211,1,3
KARLIMAH,5982248,Pendidikan Guru Sekolah Dasar Kampus Tasikmalaya (S2),584,210,2,7
"SUHENDRA, M.ED., PH.D",6140435,Pendidikan Matematika (S1),579,210,4,10
KAMIN SUMARDI,5978127,Pendidikan Teknologi dan Kejuruan (S2),632,210,1,9
DEDE TRIE KURNIAWAN,6745958,Pendidikan Guru Sekolah Dasar Kampus Cibiru (S2),495,210,2,7
DINA SITI LOGAYAH,6140888,Pendidikan IPS (S1),343,209,1,4
RASIM,5990962,Ilmu Komputer (S1),663,209,5,5
WAWAN HERMAWAN,5989811,Pendidikan Agama Islam (S2),366,209,0,5
DEDI KOSWARA,5987715,Pendidikan Bahasa dan Budaya Sunda (S2),567,208,1,6
TRI INDRI HARDINI,5978640,Pendidikan Bahasa Perancis (S2),430,208,1,6
RADITYA MUHAMMAD,6682222,Rekayasa Perangkat Lunak (S1),263,208,1,2
RISKHA MARDIANA,6000847,Pendidikan Teknik Arsitektur (S1),609,208,4,0
ANGGA HADIAPURWA,5989706,Perpustakaan dan Sains Informasi (S1),279,208,0,5
MAYA PURNAMA SARI,6125027,Pendidikan Multimedia Kampus Cibiru (S1),267,207,0,4
SUPRIH WIDODO,5978120,Pendidikan Sistem dan Teknologi Informasi Kampus P (S1),648,226,3,8
BAMBANG DARMAWAN,5991508,Pendidikan Teknik Mesin (S1),349,226,4,3
PURNOMO,6655363,Pendidikan Masyarakat (S1),343,225,3,6
TITA MULYATI,5989944,Pendidikan Guru Sekolah Dasar Kampus Cibiru (S2),417,223,1,11
HANA YUNANSAH,5988891,PGSD Kampus Cibiru (S1),455,223,0,9
DADANG SUDANA,5994886,Linguistik (S3),353,223,0,6
SJAEFUL ANWAR,6094907,Pendidikan Kimia (S1),581,222,3,11
YADI MULYADI,6003577,Teknik Elektro (S1),1.018,222,4,9
DINGDING HAERUDIN,5987647,Pendidikan Bahasa dan Budaya Sunda (S2),614,220,1,6
RISBON SIANTURI,6746024,PGPAUD Kampus Tasikmalaya (S1),256,220,0,1
DIAN BUDIANA,5984830,PGSD Pendidikan Jasmani (S1),457,230,4,8
ADI RAHMAT,5986402,Pendidikan Biologi (S1),827,230,3,10
DEDE ISWANDI,5995220,Pendidikan Pancasila Dan Kewarganegaraan (S1),333,229,0,3
JULIANA,6649754,Ilmu Ekonomi dan Keuangan Islam (S1),342,229,3,7
ASEP SURYANA,5993362,Administrasi Pendidikan (S3),801,228,1,11
MAMAT SUPRIATNA,6123032,Psikologi Pendidikan (S2),617,228,1,11
AAS NURASYIAH,5994697,Ilmu Ekonomi dan Keuangan Islam (S1),356,228,1,5
DINDIN ABDUL MUIZ LIDINILLAH,5977469,PGSD Kampus Tasikmalaya (S1),578,227,2,13
YUDI SUKMAYADI,6100381,Pendidikan Seni (S3),406,227,1,5
MUSLIM,6028471,Pendidikan Fisika (S2),946,227,4,10
RITA MILYARTINI,5978994,Pendidikan Seni (S3),404,195,0,5
NUR INDRI RAHAYU,5994469,Ilmu Keolahragaan (S1),392,195,1,7
BURHAN HAMBALI,6681587,"Pendidikan Jasmani, Kesehatan Dan Rekreasi (S1)",260,194,2,4
BUDI LAKSONO PUTRO,5993187,Pendidikan Ilmu Komputer (S1),643,193,3,6
DADAN NUGRAHA,6068607,PGSD Kampus Sumedang (S1),448,193,1,6
TRI SUWANDI,6198988,Pendidikan Biologi (S1),431,192,3,7
ASEP MULYADI,5994685,Pendidikan Geografi (S1),353,192,2,6
LAKSMI DEWI,5978451,Pengembangan Kurikulum (S2),506,192,1,11
DADANG,6005751,Pendidikan Bahasa Indonesia (S3),614,191,1,9
DIAN ANGGRAINI,6681986,Rekayasa Perangkat Lunak (S1),327,191,3,4
"DR. DIAN INDIHADI, M.PD.",6014404,PGSD Kampus Tasikmalaya (S1),440,190,1,10
OMAY SUMARNA,6134687,Pendidikan Kimia (S1),496,189,6,6
NEINY RATMANINGSIH,5994421,Pendidikan Ilmu Pengetahuan Sosial (S2),306,189,2,3
NANDI,257576,Pendidikan Geografi (S2),1.106,189,7,9
IDAT MUQODAS,5994301,PGPAUD Kampus Purwakarta (S1),361,189,1,10
DARIS HADIANTO,6755923,Sains Informasi Geografi (S1),214,189,3,5
ENJANG AKHMAD JUANDA,5993925,Teknik Elektro (S1),551,188,3,0
AGUS FAKHRUDDIN,5993691,Ilmu Pendidikan Agama Islam (S1),359,187,1,7
MAULIA DEPRIYA KEMBARA,5995003,Manajemen Resort dan Leisure (S1),270,187,1,6
RIKA RAFIKAH AGUSTIN,6115166,Pendidikan IPA (S1),542,186,3,7
LINA ANISA NASUTION,6731726,Keperawatan (D3),191,186,2,5
RATNANINGSIH EKO SARDJONO,5979503,Kimia (S2),1.026,186,7,10
AIP SARIPUDIN,6002410,Teknik Elektro (S1),429,185,3,5
YANTI SHANTINI,5994917,Pendidikan Masyarakat (S2),346,184,1,5
ZAINAL ARIFIN,6001480,Pengembangan Kurikulum (S2),1.126,184,1,20
ISHAK ABDULHAK,5991803,Unknown,596,183,1,14
KUSNANDI,6700094,Pendidikan Matematika (S2),371,183,3,11
DADANG LUKMAN HAKIM,5994748,Teknik Elektro (S1),754,182,5,10
AMAY SUHERMAN,6657142,Pendidikan Teknologi dan Kejuruan (S3),710,182,4,5
NIA NAFISAH,6005566,Bahasa dan Sastra Inggris (S1),279,182,1,5
NUNUY NURJANAH,5983965,Pendidikan Bahasa dan Budaya Sunda (S2),411,169,2,5
ASEP HERRY HERNAWAN,5992721,Pengembangan Kurikulum (S2),537,169,1,19
ADE SADIKIN AKHYADI,6106975,Unknown,273,167,1,8
MAMAN SOMANTRI,6003437,Pendidikan Teknik Elektro (S1),514,167,3,4
AYI SUHERMAN,5993623,PGSD Penjas Kampus Sumedang (S1),446,166,3,13
FLORENTINA MARIA TITIN SUPRIYANTI,6682493,Kimia (S1),536,166,3,10
IKA FITRI APRIANI,6649299,PGSD Kampus Tasikmalaya (S1),202,166,1,3
MESA RAHMI STEPHANI,6068759,PGSD Pendidikan Jasmani (S1),314,166,1,6
HENI MULYANI,257835,Pendidikan Akuntansi (S1),290,165,1,5
YUSUF SURYANA,5994506,PGSD Kampus Tasikmalaya (S1),422,164,0,12
BUNYAMIN MAFTUH,6146282,Pendidikan Ilmu Pengetahuan Sosial (S3),697,200,3,12
FIRMAN ROBIANSYAH,6000078,PGSD Kampus Serang (S1),313,199,1,4
TRY RAMADHAN,6745711,Pendidikan Teknik Arsitektur (S1),270,199,1,4
PRIHANTINI,6070701,Pendidikan Guru Sekolah Dasar Kampus Cibiru (S2),254,198,0,6
YUDI NURCAHYA,6141059,Pendidikan Kepelatihan Olahraga (S1),230,198,1,4
SRI SUMARTINI,6141086,Keperawatan (D3),347,198,1,6
SITI AISYAH,5984449,Kimia (S1),973,197,9,9
JENNYTA CATURIASARI,6706344,PGSD Kampus Purwakarta (S1),261,197,1,3
AAM ALI RAHMAN,6689586,PGSD Penjas Kampus Sumedang (S1),207,196,3,6
NURYADI,6129407,Pendidikan Olahraga (S2),360,196,2,5
MAYA PURNAMA SARI,6125027,Pendidikan Multimedia Kampus Cibiru (S1),267,207,0,4
BUDI SETIAWAN,6754095,Teknologi Pendidikan (S1),258,207,4,4
RAHMAT,5990804,Pendidikan Kewarganegaraan (S2),717,205,1,7
JENURI,6134447,Pendidikan Ilmu Pengetahuan Sosial (S2),452,205,0,3
DEDE ROHMAT,6006073,Pendidikan Geografi (S3),643,204,3,8
IKA MUSTIKA SARI,5993538,Pendidikan Fisika (S1),465,204,4,10
DARSIHARJO,5996446,Pendidikan Geografi (S2),722,203,1,5
NANI SUTARNI,5978295,Pendidikan Ekonomi (S2),346,203,2,5
ANGGA M SYAHID,6681782,Kepelatihan Fisik Olahraga (S1),226,201,3,3
DIDING NURDIN,5995269,Administrasi Pendidikan (S2),437,200,1,9
ASEP DENI GUSTIANA,5994314,Pendidikan Guru Pendidikan Anak Usia Dini (S1),295,174,0,5
EDI SURYADI,5994793,Manajemen Perkantoran (S2),483,174,2,10
RANI MEGASARI,5992674,Ilmu Komputer (S1),387,174,3,5
CECEP DARMAWAN,5989822,Pendidikan Kewarganegaraan (S3),465,173,0,11
HERNAWATI,6005188,Biologi (S1),600,173,3,5
SHINTA MAHARANI,6000177,Pendidikan Teknologi Agroindustri (S1),218,173,2,5
SURDINIATY UGELTA,5995254,Ilmu Keolahragaan (S1),273,173,1,6
NENDEN RANI RINEKASARI,5993613,Pendidikan Kesejahteraan Keluarga (S1),330,172,0,5
SARIWULAN DIANA,6035050,Pendidikan Biologi (S1),712,172,2,8
IIP SARIPAH,5994097,Pendidikan Masyarakat (S2),338,172,1,5
YADI RUYADI,6664082,Pendidikan Sosiologi (S2),495,164,1,8
ROSARINA GIYARTINI,6142244,PGSD Kampus Tasikmalaya (S1),275,162,0,6
SUPRIYONO,5992869,Manajemen Industri Katering (S1),217,161,0,5
HARRY TJAHJODININGRAT,6778322,Film dan Televisi (S1),289,161,0,2
TUTIN ARYANTI,258178,Arsitektur (S2),600,161,3,8
JATMIKA NURHADI,5993416,Bahasa dan Sastra Indonesia (S1),316,161,1,5
WIJI,6012036,Pendidikan Kimia (S2),502,160,3,4
ERLINA WIYANARTI,5992644,Pendidikan Ilmu Pengetahuan Sosial (S3),296,160,1,8
BABANG ROBANDI,5995489,Pedagogik (S2),278,160,0,7
NADIA TIARA ANTIK SARI,6689078,PGSD Kampus Purwakarta (S1),184,159,1,2
EKA SAKTI YUDHA,5978206,Bimbingan Dan Konseling (S1),279,159,2,4
AHMAD FAUZI,6122861,Sistem Telekomunikasi (S1),177,159,0,3
DIKDIK ZAFAR SIDIK,5989589,Kepelatihan Fisik Olahraga (S1),478,158,0,13
AGUS SOLEHUDIN,6042424,Pendidikan Teknik Mesin (S1),465,158,3,6
SUNARYO KARTADINATA,5990867,Unknown,639,157,2,17
POPI SOPIAH,6126299,Profesi Ners Kampus Sumedang (Profesi),231,157,2,3
AMPRASTO,5988635,Pendidikan Biologi (S1),275,157,1,6
YONA WAHYUNINGSIH,6004841,PGSD Kampus Cibiru (S1),526,157,0,5
YUDHA MUNAJAT SAPUTRA,6146885,Pendidikan Olahraga (S3),342,157,1,0
MOHAMAD ZAKA AL FARISI,258095,Pendidikan Bahasa Arab (S1),416,157,2,10
IRWAN SARBENI,6720860,Film dan Televisi (S1),230,182,1,3
AGUS SUHERMAN,5986522,Pendidikan Bahasa Sunda (S1),461,181,1,9
RINA MARINA,257938,Teknik Sipil (S1),352,181,2,4
LIZZA SUZANTI,6147053,PGPAUD Kampus Serang (S1),250,181,0,4
R. NELLY NUR APANDI,6735793,Akuntansi (S1),371,180,1,7
SULASTRI,6067962,Pendidikan Bisnis (S1),400,180,4,6
HAIPAN SALAM,5978333,Pendidikan Teknik Mesin (S1),434,180,5,6
IDA FARIDA ADI PRAWIRA,6027190,Magister Ilmu Akuntansi (S2),345,180,1,6
GHOITSA ROHMAH NURAZIZAH,6798290,Manajemen Resort dan Leisure (S1),261,179,1,5
NOVRIZAL ACHMAD NOVAN,6681784,Kepelatihan Fisik Olahraga (S1),184,179,0,3
MUKHIDIN,5991832,Pendidikan Teknologi dan Kejuruan (S3),425,156,3,6
YUYU RACHMAT TAYUBI,5995486,Fisika (S1),571,156,3,5
EMI LINDAYANI,6658130,Profesi Ners Kampus Sumedang (Profesi),171,156,0,0
IWA KUNTADI,6124175,Pendidikan Teknik Otomotif (S1),420,155,2,4
MAULANA,5993446,PGSD Kampus Sumedang (S1),562,155,2,13
BANDI SOBANDI,5993460,Pendidikan Seni Rupa (S1),246,154,1,6
KHUSNUL NOVIANINGSIH,258640,Matematika (S1),513,154,3,5
HENY DJOEHAENI,6001543,Pendidikan Anak Usia Dini (S2),263,153,0,5
ASEP DAHLIYANA,5997439,Pendidikan Sosiologi (S1),271,153,1,5
YANI ACHDIANI,6122039,Pendidikan Kesejahteraan Keluarga (S1),439,153,2,8
PRAYOGA BESTARI,5995134,Pendidikan Kewarganegaraan (S2),515,172,1,6
SHAFIRA HIMAYAH,6114986,Sains Informasi Geografi (S1),347,172,3,4
SAPRIYA,5987047,Pendidikan Kewarganegaraan (S2),803,171,3,12
EKO SULISTIONO,6722048,Pendidikan Masyarakat (S1),196,171,0,2
FAZRI NUR YUSUF,5978422,Pendidikan Bahasa Inggris (S3),319,171,2,6
WIWI SISWANINGSIH,6681972,Pendidikan Kimia (S1),534,171,4,9
FERI HIDAYATULLAH FIRMANSYAH,6130481,Pendidikan Multimedia Kampus Cibiru (S1),204,170,0,4
MUHAMAD GINA NUGRAHA,258012,Pendidikan Fisika (S1),815,169,5,13
KUSTON SULTONI,259556,Ilmu Keolahragaan (S1),492,169,3,7
NUNUY NURJANAH,5983965,Pendidikan Bahasa dan Budaya Sunda (S2),411,169,2,5
FAHMI JAHIDAH ISLAMY,6647689,Pendidikan Manajemen Perkantoran (S1),193,148,2,6
MAD ALI ,6787108,Pendidikan Bahasa Arab (S2),438,147,0,2
ELAN ELAN,6736627,PGPAUD Kampus Tasikmalaya (S1),225,147,1,8
INDIRA SYAWANODYA,6681751,Rekayasa Perangkat Lunak (S1),203,147,1,1
INDRA SAFARI,5993891,Pendidikan Jasmani (S2),294,147,2,7
ASEP NURYADIN,6745757,Bisnis Digital (S1),198,146,0,2
RIZAL AHMAD FAUZI,6131297,PGSD Penjas Kampus Sumedang (S1),210,145,0,3
AHMAD HUDAIBY GALIH KUSUMAH,5989818,Pariwisata (S2),299,145,0,5
MUHAMMAD RIZALUL WAHID,6780434,Mekatronika dan Kecerdasan Buatan Kampus Purwakart (S1),206,144,1,2
SETIYA UTARI,5995367,Unknown,732,144,5,15
RR DENI WIDJAYATRI,6694553,PGPAUD Kampus Serang (S1),162,152,0,3
YENI YUNIARTI,5977425,PGSD Kampus Cibiru (S1),262,152,0,9
ANNISA CIPTAGUSTIA,5994482,Manajemen (S1),230,152,0,3
KATIAH,5979412,Pendidikan Tata Busana (S1),236,152,0,1
RUSWAN DALLYONO,6682759,Bahasa dan Sastra Inggris (S1),234,152,3,6
PRIMANITA SHOLIHAH ROSMANA,6745893,PGSD Kampus Purwakarta (S1),252,150,0,1
KUSWANTO,6728771,PGPAUD Kampus Cibiru (S1),160,150,0,4
SURYADI,5978515,Administrasi Pendidikan (S1),424,150,1,0
EDDY PRASETYO NUGROHO,5990993,Ilmu Komputer (S1),549,149,6,8
MUH. HUSEN ARIFIN,6745847,PGSD Kampus Cibiru (S1),267,149,0,5
IKAPUTERA WASPADA,5993422,Manajemen (S3),349,178,1,10
DWI IMAN MUTHAQIN,6077679,Pendidikan Pancasila Dan Kewarganegaraan (S1),250,178,1,3
NANDANG BUDIMAN,5995137,Psikologi Pendidikan (S2),452,177,2,12
ERIK MUHAMMAD PAUHRIZI,6750889,Film dan Televisi (S1),180,176,0,2
NINA SUTRESNA,6006453,Pendidikan Olahraga (S2),363,176,6,6
WAWAN PURNAMA,6003518,Pendidikan Teknik Elektro (S1),399,176,2,5
INDAH SUSANTI,6681739,Pendidikan Teknik Arsitektur (S1),333,175,2,7
ENCEP SYARIEF NURDIN,5983269,Pendidikan Umum dan Karakter (S3),378,175,2,7
AAM ABDUSSALAM,5993560,Unknown,335,174,2,8
NURDINAH HANIFAH,5992549,PGSD Kampus Sumedang (S1),787,174,1,16
NUGRAHA,5994754,Pendidikan Akuntansi (S1),710,144,6,9
MOCHAMAD IQBAL ARDIMANSYAH,6658552,Rekayasa Perangkat Lunak (S1),182,144,1,4
DEWI SUSILAWATI,5993632,Pendidikan Jasmani (S2),247,144,1,6
DEDI WARSANA,6778104,Film dan Televisi (S1),148,144,0,2
JAJANG KUSNENDAR,5989839,Pendidikan Ilmu Komputer (S1),488,144,4,7
HAFIYYAN PUTRA PRATAMA,6681148,Pendidikan Sistem dan Teknologi Informasi Kampus P (S1),155,143,0,3
SYAMSUL HADI SENEN,5984992,Manajemen (S3),586,143,4,12
LABIBATUSSOLIHAH,6705586,Pendidikan Sejarah (S1),155,143,0,2
JAJAT,6002301,Ilmu Keolahragaan (S1),276,143,2,5
DENI WARDANA,6662598,PGSD Kampus Serang (S1),182,143,0,3
ANNE HAFINA,5994473,Bimbingan Dan Konseling (S2),268,149,2,7
BERLIANA,6009121,Pendidikan Olahraga (S2),192,149,1,4
ADANG SUDRAZAT,6714452,Pendidikan Jasmani (S2),222,149,0,4
RITA PATRIASIH,5994115,Pendidikan Tata Boga (S1),337,148,1,7
ISTI KUMALASARI,6745723,Gizi (S1),167,148,0,3
DEDEN PRADEKA,6680849,Teknik Komputer (S1),203,148,0,2
ASYIFA IMANDA SEPTIANA,6681802,Rekayasa Perangkat Lunak (S1),236,148,2,4
MULYANA,5984860,Pendidikan Kepelatihan Olahraga (S1),767,148,2,5
ERWIN RAHAYU SAPUTRA,6745747,PGSD Kampus Tasikmalaya (S1),174,148,1,2
TINA HAYATI DAHLAN,5980395,Psikologi Pendidikan (S2),318,148,1,6
NENDEN SRI LENGKANAWATI,5991826,Pendidikan Bahasa Inggris (S1),452,136,5,11
LELI KURNIAWATI,5994085,Pendidikan Guru Pendidikan Anak Usia Dini (S1),234,135,0,5
EPON NUR'AENI L,5980779,Unknown,325,135,1,7
NITIH INDRA KOMALA DEWI,6125855,Arsitektur (S1),219,135,1,4
WULANDARI PUTRI,6199058,PGSD Pendidikan Jasmani (S1),155,135,1,3
NALA NANDANA UNDIANA,6707140,Film dan Televisi (S1),146,135,0,4
HARSA WARA PRABAWA,5981240,Pendidikan Ilmu Komputer (S1),571,135,4,6
WILDAN ALFIA NUGROHO,6745719,PGSD Pendidikan Jasmani (S1),145,135,0,5
DIAH GUSRAYANI,5993469,PGSD Kampus Sumedang (S1),630,134,1,10
ASEP SUPRIATNA,5978133,Pendidikan Ilmu Pengetahuan Alam (S3),419,134,2,7
TATANG SYARIPUDIN,5996282,Pendidikan Guru Sekolah Dasar (S1),261,134,0,11
TRIAS MEGAYANTI,6003266,Pendidikan Teknik Arsitektur (S1),237,133,1,3
LINNA MEILIA RASIBAN,5992682,Pendidikan Bahasa Jepang (S1),267,133,0,5
HERAENI TANUATMODJO,5996065,Pendidikan Akuntansi (S1),273,133,0,6
CEPI RIYANA,5978187,Pendidikan Dasar (S3),699,133,1,29
YUDI WIBISONO,260167,Ilmu Komputer (S1),493,133,3,10
RANGGA GELAR GUNTARA,6738149,Bisnis Digital (S1),215,133,1,4
AYUNG CANDRA PADMASARI,6130964,Pendidikan Multimedia Kampus Cibiru (S1),153,132,0,3
ALDISSAIN JURIZAT,6746163,Arsitektur (S1),176,132,2,3
AGUS SETIABUDI,5982867,Kimia (S2),1.249,131,9,14
IPAH SARIPAH,5995090,Bimbingan Dan Konseling (S2),307,131,1,9
ANWAR SANUSI,6740373,Unknown,162,131,0,6
AYO SUNARYO,5994222,Pendidikan Seni (S2),169,131,0,5
ROJAB SITI RODLIYAH,5978990,Pendidikan Bahasa Inggris (S2),251,131,1,7
SARIPUDIN,6799293,Pendidikan Teknik Elektro (S1),323,130,2,3
GEMA RULLYANA,5994404,Perpustakaan dan Sains Informasi (S1),227,129,1,5
MUHAMMAD RIJAL WAHID MUHARRAM,6709826,PGSD Kampus Tasikmalaya (S1),221,129,1,8
OCIH SETIASIH,6123149,Pendidikan Anak Usia Dini (S2),353,129,1,5
EUIS KURNIATI,6801785,Unknown,387,129,0,11
ERIK HARITMAN,6003383,Pendidikan Teknik Otomasi Industri dan Robotika (S1),298,129,2,8
ENI NURAENI,6003416,Pendidikan Biologi (S1),360,125,3,6
IMAS DIANA APRILIA,6000366,Pendidikan Khusus (S3),301,125,0,5
ISTI SITI SALEHA,5979123,Pendidikan Bahasa Inggris (S2),337,125,2,8
DADANG YUNUS LUTFIANSYACH,6654442,Pendidikan Masyarakat (S1),235,124,1,6
MIRAWATI,5982881,PGPAUD Kampus Cibiru (S1),275,123,0,6
SEPTIAN WILLIYANTO,6726124,Ilmu Keolahragaan (S1),131,123,1,4
SOLIHIN ICHAS HAMID,257005,Unknown,391,123,0,11
LELI YULIFAR,5993694,Pendidikan Sejarah (S2),221,123,1,4
NADIA AULIA NADHIRAH,6141923,Bimbingan Dan Konseling (S1),139,123,1,2
MOKH IMAN FIRMANSYAH,5993699,Ilmu Pendidikan Agama Islam (S1),288,122,2,6
EMI EMILIA,6728899,Pendidikan Bahasa Inggris (S3),543,122,5,15
MILA KARMILA,6000331,Pendidikan Tata Busana (S1),210,122,1,3
IDRUS AFFANDI,6745710,Pendidikan Kewarganegaraan (S3),290,121,1,9
SAEFUL KARIM,6022627,Pendidikan Fisika (S1),507,121,4,14
HASBULLAH,5993941,Pendidikan Teknik Otomasi Industri dan Robotika (S1),520,120,3,6
IWA LUKMANA,6681158,Linguistik (S3),271,119,3,7
TONO RACHMAD PUDJO HARTONO,5980702,Pendidikan Seni Musik (S1),137,119,0,0
ACENG RUHENDI SYAIFULLAH,6005752,Unknown,234,118,0,6
SAEPUL ANWAR,5989812,Ilmu Pendidikan Agama Islam (S1),434,118,3,9
DEDE KOSASIH,5994579,Pendidikan Bahasa dan Budaya Sunda (S2),498,118,0,4
DIAH LATIFAH,5995238,Pendidikan Bahasa Indonesia Bagi Penutur Asing (S2),285,114,0,4
MUHAMMAD NUR ALIF,6183716,PGSD Penjas Kampus Sumedang (S1),246,114,3,7
LISNAWATI,5986471,Pendidikan Bisnis (S1),414,113,2,5
CARIA NINGSIH,6039392,Pariwisata (S2),216,113,0,6
SUDJANI,5995604,Pendidikan Teknik Bangunan (S1),130,113,0,1
DIDIN BUDIMAN,5994760,PGSD Pendidikan Jasmani (S1),323,112,2,9
RICHE CYNTHIA JOHAN,5977502,Perpustakaan dan Sains Informasi (S1),387,112,1,8
HADY SITI HADIJAH,5994566,Manajemen Perkantoran (S2),192,112,0,7
ENDIS FIRDAUS,5991808,Pendidikan Agama Islam (S2),364,111,2,7
LILIS WIDANINGSIH,5995039,Pendidikan Teknik Arsitektur (S1),329,111,2,5
MITA NURHAYATI,6745947,Kimia (S1),161,142,3,4
SAID HAMID HASAN,6193496,Pendidikan Sejarah (S3),443,142,0,20
RR TJAHYANI BUSONO,6000749,Pendidikan Teknik Arsitektur (S1),356,142,1,5
HAYANI WULANDARI,5994217,PGPAUD Kampus Purwakarta (S1),285,142,2,5
DANNY MEIRAWAN,6112016,Pendidikan Teknik Bangunan (S1),379,141,2,9
LELI HALIMAH,5978631,PGPAUD Kampus Cibiru (S1),466,141,2,10
ZAKARIAS SUKARYA SOETEJA,6107747,Pendidikan Seni (S3),309,141,1,7
TUTI ISTIANTI,5988088,PGPAUD Kampus Cibiru (S1),416,141,1,8
OONG KOMAR,5986243,Pendidikan Masyarakat (S1),380,140,1,5
NENDEN INEU HERAWATI,6006181,PGPAUD Kampus Cibiru (S1),368,140,0,7
SILMI AFINA ALIYAN,6749474,Sains Informasi Geografi (S1),138,116,2,2
SUMANANG MUHTAR GOZALI,6121808,Matematika (S1),361,116,2,4
KUSNENDI,5993243,Pendidikan Ekonomi (S3),187,115,1,6
ANA RAMDANI SARI,6745844,Pendidikan Teknik Arsitektur (S1),116,115,1,1
TOTO RUHIMAT,5995979,Pengembangan Kurikulum (S3),123,115,1,0
GIN GIN GUSTINE,6729061,Pendidikan Bahasa Inggris (S2),296,114,3,5
JONI RAHMAT PRAMUDIA,5994915,Pendidikan Masyarakat (S2),329,114,0,7
TIN RUSTINI,6006348,PGSD Kampus Cibiru (S1),252,114,0,7
AGUS MAHENDRA,5979586,PGSD Pendidikan Jasmani (S1),474,114,1,18
DIAH LATIFAH,5995238,Pendidikan Bahasa Indonesia Bagi Penutur Asing (S2),285,114,0,4
DEWI INDRIATI HADI PUTRI,6720737,Sistem Telekomunikasi (S1),203,129,2,5
MOKH. ADIB SULTAN,6002446,Manajemen (S1),262,128,2,0
ILHAMDANIAH,6003424,Arsitektur (S2),227,128,1,4
NURUL FAHMI ARIEF HAKIM,6725597,Pendidikan Teknik Otomasi Industri dan Robotika (S1),213,128,2,2
SOJA SITI FATIMAH,5976517,Kimia (S1),466,127,4,1
INTAN PERMATA SARI,6130817,Pendidikan Multimedia Kampus Cibiru (S1),168,127,0,5
PURWATI,6746144,PGPAUD Kampus Tasikmalaya (S1),147,127,1,8
ANUGRAH ADIWILAGA,6745914,Teknik Komputer (S1),180,127,0,2
SENI APRILIYA,5977974,PGSD Kampus Tasikmalaya (S1),381,127,1,8
AAH AHMAD SYAHID,5993425,PGSD Kampus Sumedang (S1),461,126,2,7
ISHAK ARIAWAN,6745750,Sistem Informasi Kelautan (S1),117,106,1,2
DENI KURNIAWAN,5995718,Pengembangan Kurikulum (S2),358,106,1,9
YULIANTI FITRIANI,6130037,PGPAUD Kampus Serang (S1),171,106,0,4
ASEP WAHYUDIN,5991982,Pendidikan Ilmu Komputer (S2),358,106,2,4
FARID ABDULLAH,5993877,Pendidikan Seni Rupa (S1),156,106,0,3
PUPUN NURYANI,6000860,Pedagogik (S2),248,106,0,7
ENCEP SUPRIATNA,5998557,Pendidikan Sejarah (S2),171,105,2,6
GILAR GANDANA,6138272,PGPAUD Kampus Tasikmalaya (S1),351,105,2,9
IMAN IMANUDIN,5994171,Ilmu Keolahragaan (S1),386,105,1,10
ISAH CAHYANI,5994299,Pendidikan Bahasa Indonesia (S2),621,105,1,16
A SOBANDI,5994552,Manajemen Perkantoran (S2),425,140,1,10
AGUS BUDIMAN,6815969,Unknown,146,139,1,6
ERLANGGA,6653131,Pendidikan Ilmu Komputer (S1),176,139,1,2
TAUFIK ABDULLAH,6127535,Manajemen Pemasaran Pariwisata (S1),283,139,3,6
DIDIN WAHYUDIN,5979316,Teknik Elektro (S1),685,138,3,7
ENDANG RUSYANI,6124916,Unknown,189,137,2,5
PANDU HYANGSEWU,6656623,Pendidikan Sosiologi (S1),160,137,1,4
UYU WAHYUDIN,5993946,Pendidikan Masyarakat (S3),472,137,1,8
TUSZIE WIDHIYANTI,6123602,Pendidikan Kimia (S1),360,136,3,3
NENDEN SRI LENGKANAWATI,5991826,Pendidikan Bahasa Inggris (S1),452,136,5,11
MUHAMAD ARIEF RAMDHANY,5993223,Pendidikan Akuntansi (S1),221,105,1,4
NURALY MASUM APRILY,6746170,PGPAUD Kampus Tasikmalaya (S1),112,105,0,4
ILMA INDRIASRI PRATIWI,6682020,Pendidikan Pariwisata (S1),119,104,0,2
ROSA ARIANI SUKAMTO,5974496,Ilmu Komputer (S1),677,104,3,23
RIZKI RAMADHAN,6754432,Unknown,179,103,1,7
IKMANDA NUGRAHA,6000423,Pendidikan IPA (S1),377,103,3,5
AMAR MUFHIDIN,6750051,Pendidikan Teknik Bangunan (S1),112,103,1,7
BUDI HERMAWAN,6728996,Bahasa dan Sastra Inggris (S1),290,103,3,6
ASRI WIBAWA SAKTI,6745928,Pendidikan Tata Busana (S1),180,103,0,4
SARDIN,5994622,Pendidikan Masyarakat (S1),179,103,1,3
KUSNADI,6002975,Pendidikan Biologi (S1),255,108,2,7
IQBAL LHUTFI,6745836,Pendidikan Akuntansi (S1),121,107,0,3
R. DIAN HENDRAYANA,6129542,Pendidikan Bahasa Sunda (S1),484,107,0,5
SRI HARTO,6127481,Pendidikan Bahasa Inggris (S1),219,107,1,4
AGUS MUHARAM,5995848,Pendidikan Dasar (S2),160,107,1,0
BUDHI PAMUNGKAS GAUTAMA,5993835,Manajemen (S1),254,107,1,10
NENENG SRI WULAN,5994982,PGSD Kampus Purwakarta (S1),162,107,0,6
ARDIANSAH,6754065,Perpustakaan dan Sains Informasi (S1),135,107,1,2
VIENA RUSMIATI HASANAH,257089,Pendidikan Masyarakat (S2),329,107,0,5
RESTU MINGGRA,5994304,Arsitektur (S1),190,107,2,3
ADI PREHANTO,6745739,Bisnis Digital (S1),129,111,0,3
MULYANA ABDULLAH,6123317,Pendidikan Geografi (S2),232,110,2,6
RESA RESPATI,5994434,PGSD Kampus Tasikmalaya (S1),226,110,1,8
AGUS GUMILAR,6681736,"Pendidikan Jasmani, Kesehatan Dan Rekreasi (S1)",189,110,2,2
MAMAN ABDURAHMAN,257947,Pendidikan Bahasa Arab (S2),599,110,0,7
RASTO,5993224,Manajemen Perkantoran (S2),307,110,2,10
ENJANG ALI NURDIN,6141098,Pendidikan Ilmu Komputer (S2),211,110,2,3
RUHALIAH,5980277,Pendidikan Bahasa Sunda (S1),485,109,0,5
TIKA ANNISA LESTARI KOESWANDI,6721352,Kewirausahaan Kampus Tasikmalaya (S1),135,109,0,3
ANY FITRIANI,6004273,Pendidikan Ilmu Pengetahuan Alam (S2),845,109,3,12
GUN GUN GUMILAR,5983442,Kimia (S1),397,118,5,7
RINI INTANSARI MEILANI,5994001,Pendidikan Manajemen Perkantoran (S1),306,118,1,8
DETY AMELIA KARLINA,5993444,PGSD Kampus Sumedang (S1),259,118,1,6
NAHROWI ADJIE,5995587,PGPAUD Kampus Purwakarta (S1),225,118,0,8
FRAHMA SEKARNINGSIH,5993485,Unknown,169,117,1,4
WIENDARTUN,5994190,Unknown,529,117,4,7
ALI ISMAIL,5993063,PGSD Kampus Sumedang (S1),418,117,4,9
ASEP HERRY HERNAWAN,6796197,Pengembangan Kurikulum (S2),330,117,1,18
AAN LISTIANA,6001641,Pendidikan Anak Usia Dini (S2),224,116,0,0
MARLINA,6003759,Pendidikan Tata Busana (S1),145,116,0,1
NIKE KAMARUBIANI,5995140,Pendidikan Masyarakat (S1),233,109,0,2
HUSEN WINDAYANA,6067533,Unknown,190,109,0,6
TIRTA ADIKUSUMA SUPARTO,6140627,Keperawatan (D3),234,109,1,5
ASTI DEWI RAHAYU FITRIANINGSIH,6681726,Gizi (S1),123,109,0,3
UMAN SUHERMAN AS,5995491,Bimbingan Dan Konseling (S1),292,109,2,8
AMELINDA PRATIWI,6745853,Kimia (S1),118,109,2,3
MOMOD ABDUL SOMAD,5991838,Pendidikan Umum dan Karakter (S3),150,109,0,4
LUTHFI ANZANI,6721957,Sistem Informasi Kelautan (S1),145,108,2,3
RIDWAN ADAM MUHAMAD NOOR,6003943,Pendidikan Teknik Otomotif (S1),207,108,0,6
NANANG GANDA PRAWIRA,6103030,Desain Komunikasi Visual (S1),292,108,0,7
YUDHISTIRA KUSUMA,6745845,Pendidikan Teknik Arsitektur (S1),96,93,1,2
NUR HAFIZ ABDURAHMAN,6662753,Pendidikan Bahasa Inggris (S1),144,93,2,3
HALIMAH,6004942,Pendidikan Bahasa Indonesia Bagi Penutur Asing (S2),181,93,1,3
CAHYO PUJI ASMORO,6175994,Unknown,315,93,2,4
DANIEL JULIANTO TARIGAN,6682292,Pendidikan Kelautan dan Perikanan Kampus Serang (S1),127,93,0,3
SUHARA,6125279,Pendidikan Biologi (S1),333,93,1,1
BTARI MARISKA PURWAAMIJAYA,6681170,Bisnis Digital (S1),109,93,0,2
NITA NOVIANTI,5978402,Bahasa dan Sastra Inggris (S1),396,92,3,6
VIA LUVIANA DEWANTY,6722191,Pendidikan Bahasa Jepang (S1),93,92,0,2
NISRINA NURUL INSANI,6709512,Pendidikan Pancasila Dan Kewarganegaraan (S1),95,92,0,2
ASEP SUMPENA,5978427,"Pendidikan Jasmani, Kesehatan Dan Rekreasi (S1)",135,92,0,2
YATTI SUGIARTI,5993933,Pendidikan Teknologi Agroindustri (S1),307,92,3,5
ACENG MUHTARAM MIRFANI,5995460,Unknown,889,92,1,7
SRI WULAN LINDASARI,6136922,Keperawatan Kampus Sumedang (S1),115,92,0,4
TASMA SUCITA,5993914,Pendidikan Teknik Elektro (S1),400,91,2,4
MUHAMAD NURSALMAN,6143456,Pendidikan Ilmu Komputer (S2),282,91,2,4
BAGJA WALUYA,5979043,Pendidikan Geografi (S1),309,91,1,10
GANO SUMARNO,5994887,PGSD Pendidikan Jasmani (S1),145,91,0,3
IMAS PURNAMASARI,5995993,Pendidikan Akuntansi (S1),334,90,0,9
TUTI SUARTINI,5983986,Pendidikan Teknik Elektro (S1),198,90,0,3
AGARA DAMA GAPUTRA,6745709,Arsitektur (S1),102,98,0,2
GANJAR EKA SUBAKTI,6682627,Ilmu Pendidikan Agama Islam (S1),105,98,0,4
AHMAN,5990333,Bimbingan Dan Konseling (S3),168,97,1,1
ROSITA RAHMA,5994318,Pendidikan Bahasa Dan Sastra Indonesia (S1),172,97,2,0
AGUS TAUFIQ,6038357,Bimbingan Dan Konseling (S2),253,96,1,7
HIZBA MUHAMMAD SADIDA,6745857,Teknik Logistik (S1),98,96,2,2
TIA PURNIATI,6125459,Pendidikan Matematika (S1),219,96,1,8
TONO HARYONO,6745749,Ilmu Keolahragaan (S1),142,96,1,1
WAWAN WAHYU,6039132,Pendidikan Kimia (S2),294,96,4,7
YATI RUHAYATI,6653699,Ilmu Keolahragaan (S1),269,96,1,6
FITRANTY ADIRESTUTY,6682473,Ilmu Ekonomi dan Keuangan Islam (S1),159,95,1,5
EPON NINGRUM,5990289,Pendidikan Geografi (S3),635,94,4,9
NUNUNG SITI SUKAESIH,6125144,Keperawatan Kampus Sumedang (D3),138,94,1,3
ASIH PURWANDARI WAHYOE PUSPITA,6736204,Keperawatan (D3),114,94,0,4
ANDIKA ARISETYAWAN,6006836,PGSD Kampus Serang (S1),196,94,1,8
SRI WAHYUNI TANSHZIL,5995176,Pendidikan Pancasila Dan Kewarganegaraan (S1),175,94,1,3
ERNIE DIYAHKUSUMANING AYU IMPERIANI,5978093,Bahasa dan Sastra Inggris (S1),162,94,1,5
SUKANTA,6125495,Pendidikan Seni (S2),388,94,0,0
ARVIAN TRIANTORO,5993216,Pendidikan Akuntansi (S1),215,94,0,5
A. JAJANG WARYA,5993287,Ilmu Ekonomi dan Keuangan Islam (S1),170,93,1,6
AHMAD HAMIDI,5995207,Ilmu Keolahragaan (S1),170,86,0,4
YOGI PRASETYO,6745790,Bisnis Digital (S1),106,86,0,2
HANA SILVANA,5994816,Perpustakaan dan Sains Informasi (S1),313,86,1,8
HERA NOVIA,6126827,Pendidikan Fisika (S1),230,86,2,5
DADAN DJUANDA,5993483,PGSD Kampus Sumedang (S1),668,86,1,14
RANA GUSTIAN NUGRAHA,6095021,PGSD Kampus Sumedang (S1),140,86,1,4
HAFIZ AJI AZIZ,6748855,Kimia (S1),185,86,4,5
MUHAMMAD IHSAN,6115091,Sains Informasi Geografi (S1),221,86,2,4
PUJI RAHMAWATI NURCAHYANI,6733171,Pendidikan Teknologi Agroindustri (S1),183,85,3,4
ARISTANTI WIDYANINGSIH,5975674,Magister Ilmu Akuntansi (S2),494,85,0,11
IKA LESTARI DAMAYANTI,6745874,Pendidikan Bahasa Inggris (S1),265,101,3,6
DIDI TEGUH CHANDRA,6148724,Pendidikan Profesi Guru (Profesi),493,100,4,6
RIA SABARIA,6146648,Pendidikan Seni Tari (S1),128,100,0,2
FENY PUSPITASARI,6745755,Pendidikan Tata Busana (S1),112,100,0,2
AYANG ARMELITA ROSALIA,6721849,Sistem Informasi Kelautan (S1),121,99,1,3
YUSUF HILMI ADISENDJAJA,6146921,Unknown,394,99,3,14
MOHAMAD HELMI ISMAIL,6006814,PGPAUD Kampus Cibiru (S1),251,99,0,4
SUCI UTAMI PUTRI,5993975,PGPAUD Kampus Purwakarta (S1),280,99,1,8
RAMA WIJAYA ABDUL ROZAK,6759147,Manajemen Resort dan Leisure (S1),137,98,1,5
AGARA DAMA GAPUTRA,6745709,Arsitektur (S1),102,98,0,2
IQBAL MUSTHAPA,5979687,Kimia (S1),512,102,4,7
YOSTIANI NOOR ASMI HARINI,5994037,Bahasa dan Sastra Indonesia (S1),185,102,0,3
HANI YULINDRASARI,6033960,Pendidikan Guru Pendidikan Anak Usia Dini (S1),260,102,2,6
GALURA MUHAMMAD SURANEGARA,6703764,Sistem Telekomunikasi (S1),208,102,3,5
NETI BUDIWATI,5993201,Pendidikan Ekonomi (S1),260,102,0,6
DIAN RINJANI,6127196,Pendidikan Multimedia Kampus Cibiru (S1),146,102,0,2
RR HERTIEN KOOSBANDIAH S,5995733,Pendidikan Biologi (S2),437,101,3,10
MIMIN IRYANTI,5979500,Fisika (S1),667,101,4,6
YUSEP SUKRAWAN,5978341,Pendidikan Teknik Otomotif (S1),389,101,1,6
YAYA SONJAYA,6122417,Kimia (S1),430,101,3,7
WINWIN WIANA,5990891,Pendidikan Tata Busana (S1),379,81,3,7
KURNIAWATI,6006759,PGSD Kampus Cibiru (S1),252,81,0,1
HERNIWATI,6005824,Pendidikan Bahasa Jepang (S2),830,80,0,3
AHMAD DAHIDI,5994991,Pendidikan Bahasa Jepang (S1),269,80,0,4
NUR FAIZAH ROMADONA,6001523,Pendidikan Guru Pendidikan Anak Usia Dini (S1),199,80,0,4
NURUL HIDAYAH,6682318,PGSD Kampus Cibiru (S1),182,80,0,5
ENCUM SUMIATY,6142475,Matematika (S1),235,80,2,5
PEPEN PERMANA ,5977678,Pendidikan Bahasa Jerman (S1),187,80,0,5
PURNA HINDAYANI,6745708,Pendidikan Pariwisata (S1),127,79,2,4
DANTE DARMAWANGSA,5972984,Pendidikan Bahasa Perancis (S1),132,79,1,4
HAIKAL MUHAMMAD IHSAN,6745327,Sains Informasi Geografi (S1),115,88,1,1
SRI SUBEKTI,5992880,Pendidikan Tata Boga (S1),490,88,4,5
AZIZAH FAUZIYAH,6084425,Kewirausahaan Kampus Tasikmalaya (S1),136,87,0,3
DADAN MULYANA,6681778,Pendidikan Kepelatihan Olahraga (S1),210,87,0,0
ADMAN,5975671,Pendidikan Manajemen Perkantoran (S1),464,87,1,7
DERY RIMASA,6681518,Kepelatihan Fisik Olahraga (S1),89,87,0,1
ARIE RAKHMAT RIYADI,259151,Pendidikan Guru Sekolah Dasar (S1),249,87,0,7
DEWI NUR AZIZAH,5994054,Pendidikan Teknologi Agroindustri (S1),169,87,1,4
TATANG PERMANA,6120239,Teknik Mesin (D3),480,87,0,7
VELAYETI NURFITRIANA ANSAS,6100520,Pendidikan Bahasa Korea (S1),97,87,0,2
JANAH SOJANAH,5994617,Pendidikan Ekonomi (S2),158,82,1,6
SUSILAWATI,6000496,PGSD Kampus Serang (S1),165,82,1,3
RIZKY RACHMAN JUDHIE P,5993953,Ilmu Komputer (S1),255,82,2,4
IIS AISYAH,6156866,Keperawatan Kampus Sumedang (S1),120,82,2,3
ASEP MIFTAHUDDIN,6750370,Unknown,97,82,1,0
TRI KARYONO,5994642,Pendidikan Seni (S3),285,82,0,5
YAYAH RAHYASIH,5994901,Administrasi Pendidikan (S1),251,81,0,4
TRI LESTARI,6654245,Bimbingan Dan Konseling (S1),213,81,4,3
DANI HENDRA,6681826,Pendidikan Bahasa Jerman (S1),97,81,0,0
NAVIK ISTIKOMAH,6668198,Pendidikan Ekonomi (S1),132,81,1,3
DEWI YUSTIARINI,5999919,Teknik Sipil (S1),128,85,1,2
SLAMET ROHAEDI,6138953,Keperawatan (D3),190,85,2,5
FITRI ROSDIANA,6681777,Kepelatihan Fisik Olahraga (S1),103,85,1,2
REIZA MIFTAH WIRAKUSUMA,5989830,Manajemen Resort dan Leisure (S1),254,85,1,6
HARI MULYADI,5984810,Pendidikan Ekonomi (S3),497,84,2,12
NIA LESTARI,6706109,Pendidikan Tata Boga (S1),87,84,0,3
DEWI KARYATI,5995041,Pendidikan Seni Tari (S1),137,84,1,3
ASARI DJOHAR,6031234,Unknown,359,84,4,7
USUP ROMLI,6145733,Ilmu Pendidikan Agama Islam (S1),101,84,0,6
MUHAMMAD ADLI RIZQULLOH,6745864,Pendidikan Teknik Otomasi Industri dan Robotika (S1),130,84,1,3
IING YULIANTI,5992636,Pendidikan Sejarah (S1),155,84,0,2
DEWI RACHMATIN,5975775,Pendidikan Matematika (S1),246,83,1,7
RESHANDI NUGRAHA,6725014,"Pendidikan Jasmani, Kesehatan Dan Rekreasi (S1)",87,83,0,1
RATNA FITRIA,6145184,Manajemen Industri Katering (S1),122,83,0,2
MIRNA PURNAMA NINGSIH,6037667,Pendidikan Kesejahteraan Keluarga (S1),161,83,0,4
PURNAWAN,5976918,Pendidikan Teknik Mesin (S1),234,83,1,5
DEDI SUTEDI,5993118,Pendidikan Bahasa Jepang (S2),368,83,0,7
JAJAT DARAJAT KUSUMAH N.,5994923,"Pendidikan Jasmani, Kesehatan Dan Rekreasi (S1)",228,83,2,4
RUDI ADI NUGROHO,6662754,Pendidikan Bahasa Indonesia (S2),152,83,0,2
TUTIK INAYATI,6676818,Manajemen Perkantoran (S2),184,82,1,2
RINI MARWATI,5981279,Matematika (S1),359,79,0,5
RETTY ISNENDES,5994546,Linguistik (S2),195,79,0,6
MELA DARMAYANTI,6120443,Pendidikan Guru Sekolah Dasar (S1),124,79,0,2
ARIEF JOHARI,6644690,Desain Komunikasi Visual (S1),150,78,0,3
HADI SARTONO,6000153,Pendidikan Kepelatihan Olahraga (S1),102,78,1,0
WIDJOJOKO,6746146,PGSD Kampus Serang (S1),90,78,0,0
ARIEF BUDIMAN,5992927,Kewirausahaan Kampus Tasikmalaya (S1),101,78,0,3
ABDUL AZIS,6712382,Pendidikan Sosiologi (S1),82,78,0,3
TATANG TARYANA,6798649,Pendidikan Seni Tari (S1),105,77,1,2
JOJOR RENTA MARANATHA,6667719,PGPAUD Kampus Purwakarta (S1),93,77,0,3
SEHABUDIN SALASA,6143765,Keperawatan (D3),104,76,0,3
FITRI ALFARISA,6691682,PGSD Kampus Serang (S1),186,76,2,5
DIANNI RISDA,6721871,Pendidikan Bahasa Jepang (S1),114,76,0,1
RIAN ANDRIAN,6681695,Pendidikan Sistem dan Teknologi Informasi Kampus P (S1),253,75,3,5
M RIDWAN SUTISNA,6143237,PGSD Kampus Cibiru (S1),120,75,0,4
KANDA RUSKANDI,5995794,Unknown,129,75,1,4
RUDIYANTO,6039467,Pendidikan Anak Usia Dini (S2),219,75,0,4
BUDI SANTOSO,5993631,Pendidikan Ekonomi (S3),415,75,1,6
WAHYU SURAKUSUMAH,6723267,Pendidikan Biologi (S1),327,75,2,8
SUHERMAN SLAMET,5996323,PGSD Pendidikan Jasmani (S1),177,75,0,3
MEDIANTA TARIGAN,5994582,Psikologi (S1),131,69,0,1
RIKA SARTIKA,5990052,Pendidikan Sosiologi (S1),141,69,0,3
DEDE MARGO IRIANTO,6123185,Pendidikan Guru Sekolah Dasar Kampus Cibiru (S2),158,69,0,6
ELAN SUMARNA,5993586,Pendidikan Agama Islam (S2),149,69,1,7
RIDWAN EFFENDI,5993378,Ilmu Komunikasi (S1),424,69,2,10
UUM SUMIRAT,6122777,Pendidikan Teknik Mesin (S1),119,69,0,2
ALI SUDIN,5993501,Unknown,270,69,0,0
WINA NURHAYATI PRAJA,6690391,Ilmu Komunikasi (S1),72,68,0,2
WASLALUDDIN,6099556,Fisika (S1),463,68,3,7
SUSI WIDIANTI,5994027,Pendidikan Bahasa Jepang (S2),102,68,0,2
IDA WIDIA,5995619,Pendidikan Bahasa Dan Sastra Indonesia (S1),135,77,0,2
ESYA ANESTY MASHUDI,5993230,PGPAUD Kampus Serang (S1),130,77,0,5
DHIKA DHARMANSYAH,6729054,Keperawatan (S1),95,77,0,2
NANIN TRIANAWATI SUGITO,6115094,Survey Pemetaan dan Informasi Geografis (D3),336,77,2,5
SUCI APRILLIANI UTAMI,6006385,Ilmu Ekonomi dan Keuangan Islam (S1),144,77,0,5
HENY ROHAYANI,6694989,Pendidikan Seni Tari (S1),111,76,0,5
MAHMUDAH SALWA GIANTI,6779018,Mekatronika dan Kecerdasan Buatan Kampus Purwakart (S1),142,76,3,2
WILLDAN APRIZAL ARIFIN,6745746,Sistem Informasi Kelautan (S1),81,76,0,2
BUDI SUPRIATONO PURNOMO,5996343,Akuntansi (S1),277,76,0,7
FITRI ALFARISA,6691682,PGSD Kampus Serang (S1),186,76,2,5
RITA MARIYANA,6129983,Pendidikan Guru Pendidikan Anak Usia Dini (S1),395,73,0,7
ANDI SUNTODA SITUMORANG,6140789,PGSD Pendidikan Jasmani (S1),186,73,0,0
TAUFANI CHUSNUL KURNIATUN,6043062,Administrasi Pendidikan (S2),200,73,1,5
BAMBANG WIDJAJANTA,5984870,Manajemen (S3),267,73,2,8
MOHAMMAD ZAKY,6681872,Ilmu Keolahragaan (S1),1.991,73,2,1
CEPI TRIATNA,5978540,Administrasi Pendidikan (S1),1.003,73,1,16
DEWI DOLIFAH,6128765,Keperawatan Kampus Sumedang (D3),87,73,1,2
INDAH NURMAHANANI,5995562,PGSD Kampus Purwakarta (S1),117,72,0,2
DIKY ZAKARIA,6779007,Mekatronika dan Kecerdasan Buatan Kampus Purwakart (S1),206,72,2,5
SAMBAS ALI MUHIDIN,5994124,Pendidikan Manajemen Perkantoran (S1),527,72,2,18
YUYUS SUHERMAN,6000590,Pendidikan Khusus (S1),160,74,1,5
FINITA DEWI,5993121,PGPAUD Kampus Purwakarta (S1),171,74,1,4
MURDIYAH WINARTI,5992631,Pendidikan Sejarah (S2),140,74,0,5
CUCU SUKMANA,6654466,Pendidikan Masyarakat (S1),141,74,1,3
YULIAWAN KASMAHIDAYAT,6663654,Pendidikan Seni Tari (S1),430,74,0,3
IRMA PERMATAWATI,5994921,Pendidikan Bahasa Jerman (S1),123,74,0,2
IBNU MUBARAK,6129017,Teknik Mesin (D3),119,73,0,2
MIRA NURFITRIYA,6746175,Kewirausahaan Kampus Tasikmalaya (S1),103,73,0,2
YULIARTI MUTIARSIH,5992665,Pendidikan Bahasa Perancis (S2),178,73,0,4
NANANG FATTAH,5979056,Manajemen (S1),490,73,1,20
YENI KURNIAWATI SUMANTRI,6123152,Pendidikan Sejarah (S1),163,70,0,3
ANDHIN DYAS FITRIANI,5989139,Pendidikan Guru Sekolah Dasar (S1),431,70,3,9
AGNESTASIA RAMADHANI PUTRI,6745743,PGSD Kampus Tasikmalaya (S1),78,70,0,2
FERRY DWI CAHYADI,6088631,Pendidikan Kelautan dan Perikanan Kampus Serang (S1),100,70,0,4
AYU MUTIARA SANTANU,6681721,Gizi (S1),98,70,0,2
MOMO,5994131,Pendidikan Ilmu Pengetahuan Alam (S3),239,70,2,5
EKA NUGRAHA,5994296,"Pendidikan Jasmani, Kesehatan Dan Rekreasi (S1)",188,70,0,4
IYON SUYANA,6109361,Pendidikan Fisika (S1),371,70,4,10
YUSI RIKSA YUSTIANA,5996530,Bimbingan Dan Konseling (S3),149,70,1,4
PUTRI LILIS DYANI,6039797,Pendidikan Seni Tari (S1),104,69,0,1
DELLI YULIANA RAHMAT,6681514,Keperawatan Kampus Sumedang (S1),69,65,0,0
SAEFUDIN,6721267,Pendidikan Biologi (S1),188,64,1,5
AGUS FANY CHANDRA WIJAYA,6159695,Pendidikan Fisika (S1),494,64,2,13
SRIYONO,5995088,Pendidikan Teknik Otomotif (S1),165,64,1,6
TIURLINA,6043729,PGSD Kampus Serang (S1),137,64,0,3
ELIS MEDIAWATI,6009471,Akuntansi (S1),219,64,0,7
AAN SUKANDAR,5983988,Teknik Mesin (D3),87,64,1,2
RENI NURYANI,6130790,Profesi Ners Kampus Sumedang (Profesi),71,64,2,4
IMAS DAMAYANTI,6137276,Ilmu Keolahragaan (S1),189,63,1,5
CHAIRUL FURQON,5994043,Manajemen (S1),223,63,1,7
YAYA SUNARYA,5995894,Pendidikan Profesi Guru (Profesi),140,67,1,4
SAGITARIUS,5994326,Pendidikan Kepelatihan Olahraga (S1),206,67,0,3
GERALDI NOVIAN,6760492,Unknown,70,67,1,4
YOYO SOMANTRI,5993939,Unknown,421,67,3,6
ANIN RUKMANA,6042017,PGSD Penjas Kampus Sumedang (S1),105,67,2,5
DERI HENDRIAWAN,6006923,PGPAUD Kampus Serang (S1),115,67,1,4
LUKMAN,6675529,Pendidikan Matematika (S1),120,67,1,1
B LENA NURYANTI,5992548,Pendidikan Bisnis (S1),321,66,1,7
ALNIDI SAFARACH BRATANEGARA,6745780,Pendidikan Geografi (S1),71,66,1,1
DIDIN SAMSUDIN,6102061,Pendidikan Bahasa Korea (S1),104,66,0,1
OYON HAKI PRANATA,6128525,Unknown,205,90,1,11
EDI SURESMAN,5993676,Pendidikan Umum dan Karakter (S2),170,89,1,5
AGUNG SETYO SASONGKO,6692607,Pendidikan Kelautan dan Perikanan Kampus Serang (S1),102,89,0,3
MONA FIAMETTA FEBRIANTY,6681783,Kepelatihan Fisik Olahraga (S1),97,89,0,3
AGUS NUR SALIM,6649889,Pendidikan Seni Rupa (S1),136,89,2,0
TOTOK DOYO PAMUNGKAS,6693471,Pendidikan Geografi (S1),91,89,1,1
ASMA AZIZAH,6705531,Pendidikan Bahasa Korea (S1),100,89,0,2
FULLY RAKHMAYANTI,6745729,PGSD Kampus Cibiru (S1),90,89,1,2
HILDA MONOARFA,6150134,Manajemen (S2),207,88,1,4
LINDA AMALIA,6680418,Keperawatan (D3),119,88,1,5
MUHAMAD MARIS AL GIFARI,6101870,Pendidikan Teknik Otomotif (S1),124,63,1,0
MARGARETHA SRI Y,5994324,PGPAUD Kampus Cibiru (S1),248,63,0,9
SRI MASLIHAH,6655941,Psikologi (S1),273,63,0,11
RUMAISAH AZIZAH AL ADAWIYAH,6722046,Ilmu Ekonomi dan Keuangan Islam (S1),63,63,0,2
MUHAMMAD NURUL HANA,6122369,Pendidikan Kimia (S1),141,63,0,6
TATI SUMIATI,6144320,Unknown,196,62,2,0
DIAH CAHYANI PERMANA SARI,6003617,Arsitektur (S1),253,62,2,6
ENRY JOHAN JAOHARI,6745762,Musik (S1),62,62,0,0
HENI KOMALASARI,5995194,Pendidikan Seni Tari (S1),96,62,0,3
KURNIA EKA WIJAYANTI,6004877,"Pendidikan Jasmani, Kesehatan Dan Rekreasi (S1)",116,62,2,3
WINA MUSTIKAATI,6745735,PGSD Kampus Purwakarta (S1),73,59,0,1
APRILIA EKI SAPUTRI,5995614,Pendidikan Guru Sekolah Dasar (S1),81,59,0,4
HARIS SANTOSA NUGRAHA,5980272,Pendidikan Bahasa Sunda (S1),142,58,1,3
KURNIASIH,5996281,Pendidikan Guru Sekolah Dasar (S1),78,58,0,3
DUDI GUNAWAN,6687356,Pendidikan Khusus (S1),1.494,58,0,5
BUDI KUDWADI,5995921,Teknik Sipil (S1),89,58,0,3
AINI LOITA,5982430,PGPAUD Kampus Tasikmalaya (S1),79,58,0,3
DWI NOVIA AL HUSAENI ,6803658,Unknown,65,58,0,4
OCE RIDWANUDIN,6681229,Pendidikan Pariwisata (S1),245,58,2,0
RINANDA RIZKY AMALIA SHALEHA,6745841,Psikologi (S1),92,58,1,2
YANA SETIAWAN,5996344,Manajemen (S3),644,72,0,4
MASAYU RIZKA RISJANNA ,6745734,Kepelatihan Fisik Olahraga (S1),101,72,0,2
MARDIANI,5979146,Teknik Sipil (S1),112,71,1,2
RADEN DIAN HARDIANA,6735511,Pendidikan Akuntansi (S1),76,71,0,2
AGUS SUDONO,6134240,Manajemen Industri Katering (S1),249,71,1,6
HERI SUTARNO,5993380,Unknown,427,71,5,2
ANDIKA DUTHA BACHARI,5987130,Linguistik (S2),189,71,0,5
AKHMAD NUGRAHA,5994330,PGSD Kampus Tasikmalaya (S1),118,71,0,8
AYU PRAMESWARI KUSUMA ASTUTI,6774052,Keperawatan Kampus Sumedang (S1),74,71,0,0
SENDI FAUZI GIWANGSA,6723381,Pendidikan Guru Sekolah Dasar (S1),93,70,0,4
LUCKY ANGKAWIDJAJA RORING,6006490,"Pendidikan Jasmani, Kesehatan Dan Rekreasi (S1)",59,57,0,1
JOHAR PERMANA,5991886,Administrasi Pendidikan (S3),384,57,1,12
HIKMAT PRAMAJATI,6132635,Profesi Ners Kampus Sumedang (Profesi),94,57,1,1
MUHAMMAD HANDI GUNAWAN,6007311,Pendidikan Bahasa Inggris (S1),94,57,2,2
DEDY SURYADI,5993912,Pendidikan Teknik Bangunan (S1),120,57,1,3
WASIMUDIN SURYA SAPUTRA,5978996,Pendidikan Teknik Elektro (S1),388,57,6,4
SYAHIDIN,5993519,Pendidikan Agama Islam (S2),186,57,0,8
PATRIANA NURMANSYAH AWWALUDIN,6690144,Pendidikan Kepelatihan Olahraga (S1),73,56,0,3
YOPI KUSDINAR,6745768,Pendidikan Kepelatihan Olahraga (S1),100,56,2,3
GHOITSA ROHMAH NURAZIZAH,5989817,Unknown,132,56,1,5
DIDIN SAMSUDIN,6102061,Pendidikan Bahasa Korea (S1),104,66,0,1
KURJONO,5994659,Pendidikan Ekonomi (S2),146,66,0,5
HERI RIDWAN,6139697,Keperawatan Kampus Sumedang (S1),96,66,2,2
AI MAHMUDATUSSA ADAH,5994030,Pendidikan Tata Boga (S1),294,66,1,8
RATU DINTHA INSYANI ZUKHRUF FIRDAUSI SULAKSANA,6752924,Pendidikan Bisnis (S1),77,66,0,4
RAKHMAT YUSUF,6003508,Teknik Sipil (S1),104,66,0,1
DWI ALIA,6681261,PGSD Kampus Tasikmalaya (S1),102,65,1,2
IRA PURNAMASARI MN,6009786,Pendidikan Kepelatihan Olahraga (S1),283,65,4,5
R DIAN DIAAN MUNIROH,6791785,Unknown,107,65,1,4
PUJI RAHAYU,5993194,PGSD Kampus Purwakarta (S1),171,65,2,5
RINANDA RIZKY AMALIA SHALEHA,6745841,Psikologi (S1),92,58,1,2
SURYANA,5978648,Manajemen (S3),354,58,3,9
AHMAD FUADIN,5992944,Pendidikan Geografi (S1),92,58,0,2
MAHMUD FASYA,5978112,Bahasa dan Sastra Indonesia (S1),124,58,0,3
ELIS ENDANG NIKMAWATI,5994650,Pendidikan Tata Boga (S1),661,58,2,6
DADANG KURNIA,6721738,Unknown,278,58,1,11
FAKRY GAFFAR,6145775,Unknown,188,58,0,9
HERLINA,5995734,Psikologi (S1),126,57,0,3
HURRY MEGA INSANI,6745740,Gizi (S1),80,57,0,2
HIKMAT PRAMAJATI,6132635,Profesi Ners Kampus Sumedang (Profesi),94,57,1,1
MASHARYONO,5984854,Pendidikan Bisnis (S1),377,53,1,7
 LINDA SETIAWATI,5995101,Perpustakaan dan Sains Informasi (S1),178,52,1,9
MUNAWIR,6745899,Teknik Komputer (S1),118,52,1,3
RINA HERYANI,6798424,Pendidikan Guru Sekolah Dasar (S1),54,52,0,1
WAHID MUNAWAR,5978660,Pendidikan Teknik Otomotif (S1),325,52,1,5
JUJU JUANGSIH,5992349,Pendidikan Bahasa Jepang (S2),119,52,0,3
ENCEP SUDIRJO,6144884,PGSD Penjas Kampus Sumedang (S1),140,52,0,8
LILIS KOMARIYAH,6745825,"Pendidikan Jasmani, Kesehatan Dan Rekreasi (S1)",81,51,1,5
RIPAN HERMAWAN,6005860,Ilmu Ekonomi dan Keuangan Islam (S1),98,51,1,0
S. NAILUL MUNA ALJAMALIAH,6754120,PGSD Kampus Cibiru (S1),53,51,0,2
AJO SUTARJO,6140840,PGSD Kampus Serang (S1),102,62,0,3
ANEU CAKHYANEU,5994677,Ilmu Ekonomi dan Keuangan Islam (S1),117,62,0,4
R. KUSDIANTI,6814319,Unknown,99,61,1,5
TEDI PERMADI,5981800,Pendidikan Bahasa Indonesia (S2),166,61,0,5
NALAHUDDIN SALEH,6746413,Pendidikan Bahasa Arab (S1),62,61,0,1
IKIN SOLIKIN,5994587,Magister Ilmu Akuntansi (S2),275,61,0,8
DADI MULYADI,6689987,Teknologi Pendidikan (S1),107,60,0,3
RISA TRIARISANTI,6102047,Pendidikan Bahasa Korea (S1),93,60,0,1
ADAM HERMAWAN,6681172,Bisnis Digital (S1),69,60,0,2
HENI RUSNAYATI,6122990,Pendidikan Fisika (S1),370,54,3,9
PITRIA SOPIANINGSIH,6745713,Pendidikan Pancasila Dan Kewarganegaraan (S1),58,54,0,1
DEWI KUSRINI,5994903,Pendidikan Bahasa Jepang (S1),67,53,0,2
BACHTIAR HASAN,5991821,Pendidikan Teknik Elektro (S1),307,53,2,6
YAYAT,5994024,Pendidikan Teknik Mesin (S1),207,53,1,3
"IIK NURULPAIK, S.PD., M.PD",5995495,Administrasi Pendidikan (S1),256,53,1,4
AGUS FIRMANSAH,6127340,Pendidikan Seni Musik (S1),91,53,0,1
KANIGARA HAWARI,6709267,Pendidikan Pancasila Dan Kewarganegaraan (S1),61,60,0,0
RISRIS HARI NUGRAHA,6692272,Ilmu Pendidikan Agama Islam (S1),55,53,0,4
CUCU SURAHMAN,5993732,Ilmu Pendidikan Agama Islam (S1),151,53,0,5
DADANG DAHLAN,5993404,Pendidikan Ekonomi (S3),199,53,1,3
KANIGARA HAWARI,6709267,Pendidikan Pancasila Dan Kewarganegaraan (S1),61,60,0,0
ADE JUWAEDAH,6006422,Pendidikan Teknologi dan Kejuruan (S2),104,60,0,4
AGUS MULYANA,5992575,Pendidikan Sejarah (S3),227,60,1,6
NON DWISHIERA CAHYA ANASTA,6722417,Pendidikan Guru Sekolah Dasar (S1),63,59,0,1
RIKA MARDIANI,6750042,Pendidikan Akuntansi (S1),73,59,0,3
TATANG SURATNO,6729458,PGSD Kampus Serang (S1),290,59,2,11
DINAR DINANGSIT,6681964,Pendidikan Jasmani (S2),139,59,0,3
WARLI HARYANA,6657188,Pendidikan Seni Rupa (S1),75,59,0,1
KUKUH WIDIYANTO,6126950,Unknown,64,59,0,2
MUHAMMAD ARIEF RAKHMAN,6710571,Pendidikan IPS (S1),70,59,0,1
DWI LESTARI RAHAYU,5994045,Pendidikan Teknologi Agroindustri (S1),131,48,1,4
RIZKI HIKMAWAN,6122897,Pendidikan Sistem dan Teknologi Informasi Kampus P (S1),147,48,0,6
SUCI SUNDUSIAH,6679899,Pendidikan Bahasa Indonesia Bagi Penutur Asing (S2),198,48,1,5
RINA NURHUDI RAMDHANI,6697084,Bimbingan Dan Konseling (S1),80,48,0,3
TONI HERYANA,5995980,Akuntansi (S1),231,48,1,4
BAMBANG TRISNO,5993962,Teknik Elektro (S1),160,48,2,3
NUGRAHA SUHARTO,6121505,Administrasi Pendidikan (S2),122,48,0,2
ARDIYANTO,6747025,Pendidikan Seni Rupa (S1),293,48,0,0
TIA YULIAWATI,6722016,Manajemen (S1),112,48,0,4
AGUS DANAWAN,6123641,Pendidikan Fisika (S1),194,47,3,7
S. NAILUL MUNA ALJAMALIAH,6754120,PGSD Kampus Cibiru (S1),53,51,0,2
NURI NOVIANTI AFIDAH,6140963,Ilmu Komunikasi (S1),102,51,1,3
DINA MAYADIANA SUWARMA,5993782,Pendidikan Guru Sekolah Dasar (S1),98,51,0,5
NENENG SUTJIATI,6121745,Pendidikan Bahasa Jepang (S1),151,51,0,4
HENDRI SULISTYO,6653912,Unknown,63,50,0,2
IWAN GUNAWAN,6745742,Pendidikan Seni Musik (S1),76,50,0,1
BAMBANG ABDULJABAR,6690150,"Pendidikan Jasmani, Kesehatan Dan Rekreasi (S1)",176,50,1,10
MUHAMAD IQBAL,5978331,Pendidikan IPS (S1),143,50,0,0
YADI MULYADI,5992663,Pendidikan Bahasa Perancis (S1),143,50,0,3
TARUNASENA,5992788,Pendidikan Sejarah (S1),231,50,1,4
HELMY FIRMANSYAH,5978105,"Pendidikan Jasmani, Kesehatan Dan Rekreasi (S1)",348,50,4,5
AMANDA PUSPANDITANING SEJATI,6681142,Keperawatan Kampus Sumedang (S1),87,50,1,3
HENI NURAENI ZAENUDIN,6122531,Ilmu Komunikasi (S1),163,50,1,3
WIRMANTO SUTEDDY,6745736,Teknik Komputer (S1),58,50,0,1
ASEP KURNIA JAYADINATA,5993780,PGSD Kampus Sumedang (S1),334,49,1,12
GILANG PRATAMA PUTRA,6786959,Industri Pariwisata (S1),69,49,1,2
ENDANG SUPARDI,5994061,Pendidikan Ekonomi (S2),105,49,1,6
CECE KUSTIAWAN,6674760,Matematika (S1),86,49,0,3
PUTRASULUNG BAGINDA,6004765,Pendidikan Bahasa Jerman (S1),60,49,0,2
SRI RAHAYU,6745927,Pendidikan Teknik Bangunan (S1),54,45,0,2
ENTIT PUSPITA,5986409,Matematika (S1),219,45,3,5
HARRY SULASTIANTO,6682881,Unknown,389,45,0,0
SUSANTI AGUSTINA,5994966,Perpustakaan dan Sains Informasi (S1),129,45,0,6
WIDI KUSUMAH,6682996,Pendidikan Kepelatihan Olahraga (S1),254,44,0,2
QONITA,6767689,PGPAUD Kampus Tasikmalaya (S1),143,48,1,4
TITO EDY PRIANDONO,6146591,Ilmu Komunikasi (S1),74,44,0,3
TATI SETIAWATI,5999497,Pendidikan Tata Boga (S1),173,44,1,7
NUSUKI SYARI'ATI FATHIMAH,6751506,Pendidikan Ilmu Komputer (S1),46,44,0,1
ABIH GUMELAR,6715297,Pendidikan Pariwisata (S1),47,44,1,1
RESA PRAMUDITA,6688224,Pendidikan Teknik Otomasi Industri dan Robotika (S1),252,44,3,4
IMA NIMAH CHUDARI,6043715,Unknown,91,45,1,4
ANA FARICHA,6124265,Unknown,78,45,1,2
AGUS WIDARSONO,5993330,Magister Ilmu Akuntansi (S2),224,45,0,7
NINDITA FAJRIA UTAMI,6682469,Pendidikan Sosiologi (S1),56,45,0,2
IDING TARSIDI,5995210,Pendidikan Khusus (S2),118,45,0,2
FIRMAN AZIZ,6036674,Ilmu Komunikasi (S1),228,45,2,4
WIKU LARUTAMA,6745846,Teknik Logistik (S1),68,45,1,2
MEMEN KUSTIAWAN,259600,Magister Ilmu Akuntansi (S2),134,45,0,5
DEDAH NINGRUM,6130820,Keperawatan Kampus Sumedang (D3),51,45,1,3
ENGKOS KOSASIH,6005773,Unknown,434,45,0,0
TONI SETIAWAN SUTANTO,6126662,Pendidikan Seni Musik (S1),108,56,1,0
ANI HENDRIANI,5994782,Pendidikan Guru Sekolah Dasar (S1),175,56,0,6
FAJAR NUGRAHA ASYAHIDDA,6682474,Pendidikan Sosiologi (S1),269,56,1,3
MARIYA AL QIBTIYA ,6745731,Pendidikan Teknik Otomasi Industri dan Robotika (S1),63,56,1,2
ALWAN HUSNI RAMDANI,6726953,Ilmu Komunikasi (S1),60,56,0,1
SUKO PRATOMO,6730573,Unknown,174,54,1,6
VINI AGUSTIANI HADIAN,6682379,Pendidikan Geografi (S1),78,54,0,3
IMAM TRI SUTRISNO,6711574,Keperawatan (D3),58,54,0,0
WIDYA ASTUTI,6745724,Gizi (S1),58,54,0,1
IYEN NURLAELAWATI,6005610,Pendidikan Bahasa Inggris (S1),121,54,1,5
DETI NUDIATI,6711363,Pendidikan Masyarakat (S1),47,44,0,2
KHAERUDIN KURNIAWAN,5993472,Pendidikan Bahasa Indonesia (S2),187,44,0,7
FATIHATUROSYIDAH,6145523,PGSD Kampus Serang (S1),63,44,0,2
DWI NOVI WULANSARI,6745877,Teknik Logistik (S1),181,44,1,6
AYI BUDI SANTOSA,5992658,Pendidikan Sejarah (S1),143,44,0,4
RIKSMA NURAHMI RINALTI AKHLAN,6122630,Pendidikan Khusus (S2),94,43,0,1
TATI,6003345,Unknown,93,43,0,2
UNUN UMARAN,6681884,Ilmu Keolahragaan (S1),78,43,0,2
SYIFA F. SYIHAB,6681556,Gizi (S1),163,43,1,4
RAFIKA ROSYDA,6727416,Profesi Ners Kampus Sumedang (Profesi),46,43,0,0
IRA RENGGANIS,6000936,Pendidikan Guru Sekolah Dasar (S1),158,41,0,4
ABDUL AZIS WAHAB,6722201,Unknown,128,41,0,3
RAMADITA FETRIANGGI,6722253,Desain Komunikasi Visual (S1),60,41,0,2
FENSY SELLA,6722526,Pendidikan Seni Musik (S1),64,41,0,1
ACE IWAN SURYAWAN,6681510,Pendidikan Seni Tari (S1),141,41,0,2
YANI KUSMARNI,6115838,Pendidikan Sejarah (S1),157,40,0,5
DENI KADARSAH,6798645,Administrasi Pendidikan (S1),42,40,0,1
SILMI ATH THAHIRAH ,6745812,Pendidikan Teknik Otomasi Industri dan Robotika (S1),59,40,0,1
EKA PRIHATIN,6147695,Administrasi Pendidikan (S2),421,40,1,10
ALEN RISMAYADI,6682218,Pendidikan Kepelatihan Olahraga (S1),73,40,0,3
LA ODE ALAM MINSARIS,6760517,Sistem Informasi Kelautan (S1),68,40,2,2
ENDAH SILAWATI,6004067,PGPAUD Kampus Cibiru (S1),116,40,0,4
HERBERT SIREGAR,5991008,Ilmu Komputer (S1),259,40,2,6
RETNO AYU HARDIYANTI,6780170,Pendidikan IPS (S1),52,39,1,1
R DETI ROSTIKA,6006176,PGSD Kampus Cibiru (S1),122,39,0,6
ENTAN SAPTANI,6682914,PGSD Penjas Kampus Sumedang (S1),199,39,2,6
YUSUF ALI TANTOWI,6682708,Pendidikan Bahasa Arab (S1),53,39,0,2
YANTI HAMDIYATI,6007061,Pendidikan Biologi (S1),280,39,2,8
SALMAN,6749997,"Pendidikan Jasmani, Kesehatan Dan Rekreasi (S1)",138,39,0,0
NUR AEDI,6001913,Administrasi Pendidikan (S3),406,38,0,8
ADE ROHAYATI,6186158,Pendidikan Matematika (S1),101,37,0,4
ELYSA NENSY IRAWAN,6779016,Mekatronika dan Kecerdasan Buatan Kampus Purwakart (S1),38,37,0,1
HERNAWAN,5987458,Pendidikan Bahasa Sunda (S1),160,37,0,3
PUSPITA WULANDARI,6778395,Pendidikan Sosiologi (S1),50,36,0,3
IRVAN SATRYA PRANA,6779573,Desain Komunikasi Visual (S1),49,36,0,2
MAD RUDI,6746212,Pendidikan Kelautan dan Perikanan Kampus Serang (S1),39,36,1,1
MAFTUHIN,5993669,Pendidikan Sosiologi (S1),57,36,0,0
R. DIAN DIA-AN MUNIROH,5978405,Linguistik (S2),44,36,0,0
ANA RAHMA YUNIARTI,6745957,Teknik Komputer (S1),171,36,2,3
SUDARYAT NURDIN AKHMAD,5994926,Bimbingan Dan Konseling (S1),118,36,0,2
ARI ARIFIN DANUWIJAYA,5991917,Pendidikan Bahasa Korea (S1),396,36,6,7
SUSANTI KURNIAWATI,6122723,Pendidikan Ekonomi (S1),96,36,0,3
SITI MUJDALIPAH,6042954,Pendidikan Teknologi Agroindustri (S1),339,36,2,9
POPON HARYETI,6660026,Keperawatan Kampus Sumedang (D3),128,36,0,0
ACEP RUSWAN,6726993,PGSD Kampus Purwakarta (S1),61,36,0,3
ASEP SAEFUDIN,5977546,Pendidikan Guru Sekolah Dasar (S1),51,36,0,3
NOVIYANTI ANEROS,5992199,Pendidikan Bahasa Jepang (S1),142,35,0,2
TATI HERNAWATI,6039136,Pendidikan Khusus (S2),248,35,0,8
ISTIKHOROH NURZAMAN,6654231,PGSD Kampus Tasikmalaya (S1),110,35,0,5
TATANG HIDAYAT,6670154,Unknown,211,35,0,13
ISTIKHOROH NURZAMAN,6654231,PGSD Kampus Tasikmalaya (S1),110,35,0,5
RIDA ROSIDA,5994703,Ilmu Ekonomi dan Keuangan Islam (S1),118,35,0,3
YATUN ROMDONAH AWALIAH,5994714,Pendidikan Bahasa Sunda (S1),55,35,0,2
HANIFA ZULHAIMI,259601,Akuntansi (S1),134,34,0,5
TRIANNISA RAHMAWATI,6745962,Pendidikan Kimia (S1),62,34,1,2
ELLY LASMANAWATI W,5994675,Unknown,90,34,0,4
UNDANG SUDANA,6005105,Bahasa dan Sastra Indonesia (S1),145,34,0,2
FITRIANI AGUSTINA,5981275,Matematika (S1),223,34,2,5
ANY ARYANI,6038233,Biologi (S1),184,34,2,5
WINTI ANANTHIA,5994974,PGSD Kampus Cibiru (S1),148,34,0,4
NUNUNG NURSYAMSIAH,6681975,Pendidikan Bahasa Arab (S2),128,34,1,2
LULU LAELA AMALIA,5988724,Pendidikan Bahasa Inggris (S2),55,34,1,5
RIESKY,5994354,Bahasa dan Sastra Inggris (S1),123,34,1,2
EKA SURACHMAN,5979141,Manajemen (S1),77,34,1,1
ARIYANO,6124946,Pendidikan Teknik Mesin (S1),114,34,1,3
SRI HANDAYANI,6006334,Pendidikan Teknologi dan Kejuruan (S3),143,34,0,5
RESTIE ANANDA MIRANTIE,6693779,Unknown,515,33,0,32
AHMAD FAJAR FADLILLAH,6753812,Teknologi Pendidikan (S1),34,33,1,1
PIPIN TRESNA PRIHATIN,6000304,Pendidikan Tata Busana (S1),79,33,0,1
LIPTIA VENICA,6779029,Mekatronika dan Kecerdasan Buatan Kampus Purwakart (S1),140,33,3,3
ACEP SUPRIADI,6722770,Pendidikan Ilmu Pengetahuan Sosial (S3),105,47,0,4
I WAYAN RATNATA,6004542,Pendidikan Teknik Elektro (S1),194,47,2,5
EVIANA HIKAMUDIN,6786908,Pedagogik (S2),54,47,1,2
SITI HAMIDAH,6709938,Sains Informasi Geografi (S1),66,46,0,1
SUCIPTO,6065276,"Pendidikan Jasmani, Kesehatan Dan Rekreasi (S1)",90,46,1,3
ERNA SUWANGSIH,5993210,PGSD Kampus Purwakarta (S1),183,46,1,9
HELLI IHSAN,6042148,Psikologi (S1),129,46,0,4
HIKMAH MAULANI,6736715,Pendidikan Bahasa Arab (S1),140,46,0,2
JAYANTI MEGASARI,6745831,Pendidikan Bahasa Korea (S1),58,46,0,1
AI SUTINI,6004075,Pendidikan Guru Sekolah Dasar Kampus Cibiru (S2),135,45,1,7
AFI FADLILAH,5995742,Pendidikan Bahasa Perancis (S2),116,33,1,3
PIPIN TRESNA PRIHATIN,6000304,Pendidikan Tata Busana (S1),79,33,0,1
LIPTIA VENICA,6779029,Mekatronika dan Kecerdasan Buatan Kampus Purwakart (S1),140,33,3,3
AFIFAH MU'MINAH,6779860,Desain Produk Industri Kampus Tasikmalaya (S1),34,33,0,1
RAHMAT SETIADI,6683286,Pendidikan Kimia (S1),71,32,0,3
SANDI BUDI IRIAWAN,6753110,Pendidikan Guru Sekolah Dasar (S1),67,32,0,4
PEPI NURONIAH,6697085,PGPAUD Kampus Serang (S1),61,32,0,2
ANWAR SANUSI,6740451,Unknown,43,32,0,5
ROZMITA DEWI YUNIARTI ROZALI,6147161,Akuntansi (S1),152,32,0,4
ISTIQOMAH,6000414,Teknik Sipil (S1),54,32,0,0
AKHMAD FAOZI,6689846,Keperawatan Kampus Sumedang (D3),71,32,0,0
AMIN BUDIAMIN,5995112,Bimbingan Dan Konseling (S1),135,32,1,8
SUCIATI,5993193,Unknown,154,32,1,2
IIS SOPIAWATI,5995237,Pendidikan Bahasa Perancis (S1),56,32,0,2
ODIH SUPRATMAN,5995373,Teknik Sipil (S1),66,31,1,2
ENDANG HERAWAN,5995295,Administrasi Pendidikan (S3),129,31,0,10
ETTY ROHAYATI,5994710,Unknown,166,31,0,3
ASEP SURYATNA,6683491,Pendidikan Kimia (S1),150,31,3,6
HAFIZHAH INSANI MIDYANTI,6745761,Musik (S1),36,31,0,1
SYAM HARDWIS,6725405,Ilmu Keolahragaan (S1),53,31,0,2
GIRANG RAZATI,5984831,Pendidikan Bisnis (S1),197,43,0,5
ARMANDHA REDO PRATAMA,6748167,Pendidikan Pariwisata (S1),58,42,0,3
HIMAWAN PRASETIYO,6745744,Pendidikan Kelautan dan Perikanan Kampus Serang (S1),52,42,1,2
A. BUDHI SALIRA,6771601,Pendidikan Ilmu Pengetahuan Sosial (S2),52,42,0,0
ISNIE YUSNITHA,5993405,Pendidikan Matematika (S1),298,42,2,4
UUS KARWATI,5993491,Pendidikan Seni (S2),106,42,0,3
ASRI RIA AFFRIANI,6124844,Survey Pemetaan dan Informasi Geografis (D3),204,42,3,3
PIDI MOHAMAD SETIADI,6674027,PGSD Kampus Tasikmalaya (S1),101,42,2,3
KOKOM ST KOMARIAH,6135827,Pendidikan Umum dan Karakter (S2),233,42,0,0
JUPRI,6681759,Pendidikan Geografi (S1),92,41,0,5
RINI ANDARI,6000526,Pariwisata (S2),170,38,1,8
EDED TARMEDI,5984792,Pendidikan Profesi Guru (Profesi),224,38,1,0
NANDAN SUPRIATNA,6145508,Pendidikan Teknik Bangunan (S1),58,38,0,0
DEWI CAKRAWATI,5992915,Pendidikan Teknologi Agroindustri (S1),511,38,4,7
CIK SUABUANA,6126941,Pendidikan Umum dan Karakter (S2),48,38,0,5
ANASTASIA WULANDARI,6655698,Psikologi (S1),68,38,0,3
NENDEN SUNDARI,6043460,PGPAUD Kampus Serang (S1),114,37,1,4
SHOFA MUSTHOFA KHALID,6746412,Pendidikan Bahasa Arab (S1),38,37,0,2
ADE ROHAYATI,6186158,Pendidikan Matematika (S1),101,37,0,4
NANA JUMHANA,5994657,Pendidikan Guru Sekolah Dasar (S1),27,27,0,0
ENDA PERMANA,6121829,Pendidikan Teknik Mesin (S1),102,27,0,3
DEDI PURWANTO,6147764,Pendidikan Teknik Bangunan (S1),28,27,0,0
EHAN,6000858,Unknown,27,27,0,0
LILIS SITI SULISTYANINGSIH,5994321,Pendidikan Bahasa Dan Sastra Indonesia (S1),124,27,0,3
FARIDA AMALIA,5994383,Pendidikan Bahasa Perancis (S1),75,27,0,1
SRI WURYASTUTI,6656926,PGSD Kampus Serang (S1),117,37,1,0
FAZAR NURIANSYAH,6787025,Pendidikan Ekonomi (S1),29,26,0,2
MAMUR SAADIE,5993993,Pendidikan Bahasa Indonesia (S2),46,26,0,2
NONO SUPRIATNA,5995836,Akuntansi (S1),176,26,0,5
ASEP SYARIF HIDAYAT,6682806,Pendidikan Matematika (S1),64,26,1,0
ASEP MAHPUDZ,6002868,Pendidikan Sejarah (S2),125,26,1,4
AJANG MULYADI,6745802,Pendidikan Akuntansi (S1),136,26,0,5
LUKMANNUL HAQIM LUBAY,6188717,PGSD Pendidikan Jasmani (S1),45,26,0,4
EVI RAHMAWATI,6691539,Pendidikan Guru Sekolah Dasar (S1),49,26,0,5
RUBBY RAHMAN TSANI,6750739,Logistik Kelautan (S1),38,25,0,2
ASRA,5995737,Unknown,121,25,2,4
HENRY VIRGAN,6139988,Pendidikan Seni Musik (S1),79,25,0,2
IMAM NUGRAHA ALBANIA,6711447,Pendidikan Matematika (S1),94,25,2,2
NANI M SUGANDHI,5994979,Unknown,107,25,1,5
DIDING KELANA SETIADI,6133505,Keperawatan Kampus Sumedang (D3),34,25,0,2
FIRMANSYAH,5995005,Ilmu Ekonomi dan Keuangan Islam (S1),67,25,0,3
TEMMY WIDYASTUTI,6655167,Pendidikan Bahasa Sunda (S1),88,25,0,3
YENI YUNIAWATI,6146618,Unknown,131,25,0,6
ANNISA RAHMADANI,6745774,Pendidikan Bahasa Inggris (S1),25,25,1,1
AULIA ZIKRI RAHMAN,6745855,Teknik Logistik (S1),44,25,0,1
MEITA ANNISA NURHUTAMI,6779834,Desain Produk Industri Kampus Tasikmalaya (S1),35,25,0,0
YAYU WULANDARI,6732193,Unknown,43,25,1,1
ALIS TRIENA PERMANASARI,6095354,Unknown,75,24,0,4
MUHAMMAD HALIMI,6038409,Pendidikan Ilmu Pengetahuan Sosial (S2),113,24,0,6
HELLI IHSAN,6698433,Unknown,94,24,0,3
YOSEP HERNAWAN,6664961,Pendidikan Manajemen Perkantoran (S1),81,28,0,3
SITI NURASIYAH,6003859,Teknik Sipil (S1),57,28,0,2
AAN KHOSIHAN,6750818,Pendidikan Pariwisata (S1),31,28,0,3
CUCU RUHIDAWATI,6147692,Pendidikan Tata Busana (S1),78,28,0,3
ODING HERDIANA,6745912,Bisnis Digital (S1),68,28,1,2
NIDAUL HIDAYAH,5994309,Pendidikan Kepelatihan Olahraga (S1),57,27,0,3
DJAM'AN SATORI,5991840,Unknown,484,27,1,21
DADANG MOHAMAD,6746091,Teknik Sipil (S1),79,27,1,5
NANA JUMHANA,5994657,Pendidikan Guru Sekolah Dasar (S1),27,27,0,0
ENDA PERMANA,6121829,Pendidikan Teknik Mesin (S1),102,27,0,3
TINA SAFARIA NILAWATI,6798289,Biologi (S1),89,29,0,4
RAMDHANI,6754921,Pendidikan Teknik Otomotif (S1),31,29,0,2
DEDDY SURYANA,6150914,Pendidikan Bahasa Inggris (S1),42,29,0,3
DHEKA DWI AGUSTININGSIH,6770931,Bahasa dan Sastra Indonesia (S1),110,28,0,3
NURHUDAYA,5995574,Unknown,144,28,2,4
R IRAWAN SURASETJA,5995585,Arsitektur (S1),142,28,1,2
SISCKA ELVYANTI,6722063,Teknik Elektro (S1),137,28,0,6
RENARIAH,5992168,Pendidikan Bahasa Korea (S1),91,28,0,2
NIZZA NADYA RACHMANI,6746169,Kewirausahaan Kampus Tasikmalaya (S1),48,28,0,1
ABUBAKAR,6664496,Administrasi Pendidikan (S2),122,28,0,2
NURDIANI FATHIRAINI,6722345,Pendidikan Sejarah (S1),30,22,0,1
SRI WAHYUNI,6778397,Pendidikan Sosiologi (S1),24,22,0,0
AEP SAEFUL BACHRI,5994539,Pendidikan Bahasa Jepang (S1),55,22,0,0
DARMAWAN,6724077,PGSD Kampus Serang (S1),23,22,0,0
NICKE YUNITA MOECHARAM,6649096,Pendidikan Bahasa Inggris (S1),108,22,2,1
HANISSA OKITASARI,6753821,Teknik Logistik (S1),25,22,0,1
ANNISA JOVIANI ASTARI,6755030,Sains Informasi Geografi (S1),131,22,2,3
MUDJIHARTONO,6199535,"Pendidikan Jasmani, Kesehatan Dan Rekreasi (S1)",30,22,0,0
VIDIA AFINA NURAINI,6792209,Kimia (S1),30,22,1,3
DADANG SUKIRMAN,5995173,Pengembangan Kurikulum (S3),134,22,0,7
ZAINI HAFIDH,6738035,Administrasi Pendidikan (S1),87,24,0,4
LENI PERMANA,5993300,Pendidikan Ekonomi (S1),87,24,1,4
NURYANTO,5993128,Pendidikan Teknik Arsitektur (S1),177,24,1,4
DEDE TATANG SUNARYA,6745784,Unknown,128,24,1,8
SITTI CHOTIDJAH,6722210,Psikologi (S1),101,24,0,4
DUDUNG RAHMAT HIDAYAT,5995427,Unknown,857,24,0,9
TRI MARTINI,6745737,"Pendidikan Jasmani, Kesehatan Dan Rekreasi (S1)",28,23,0,1
GANJAR MUHAMMAD GANESWARA,5993578,Pendidikan Umum dan Karakter (S2),32,23,0,3
ENDAH SETYOWATI,6681149,Sistem Telekomunikasi (S1),31,23,0,2
AAS SAOMAH,6681604,Unknown,28,23,2,0
TATANG,6682229,Pendidikan Bahasa Arab (S1),97,23,0,0
SAHRONI,6738099,Pendidikan Profesi Guru (Profesi),52,23,0,1
MUCHAMAD RIZKI SENTANI,6745720,Gizi (S1),38,23,0,1
ADE SUTISNA,6103693,Pendidikan Bahasa Sunda (S1),46,23,0,1
YUYU HENDAWATI,5995605,Unknown,55,23,0,6
NENI MEIYANI,5995990,Pendidikan Khusus (S1),66,23,0,3
DEVI APRIANTI RIMADHANI AGUSTINI,6745751,Teknik Komputer (S1),126,23,2,2
RIANA IRAWATI,5996826,PGSD Kampus Sumedang (S1),150,22,0,6
NANI IMANIYATI,5994561,Manajemen Perkantoran (S2),174,22,0,6
NURDIANI FATHIRAINI,6722345,Pendidikan Sejarah (S1),30,22,0,1
AHIM SURACHIM,5992863,Manajemen (S3),239,21,1,7
DEWI MUNAWWARAH SYA BANI,6682556,Pendidikan Seni Rupa (S1),37,21,0,1
DELLA MAGHFIRA NAPU,6745730,Industri Pariwisata (S1),29,21,0,1
ABAS ASYAFAH,5993706,Unknown,209,21,1,11
SUSI GUSTINA,257517,Pendidikan Seni Musik (S1),211,21,0,3
SUFYAR MUDJIANTO,6198983,"Pendidikan Jasmani, Kesehatan Dan Rekreasi (S1)",81,21,1,4
NANANG DALIL HERMAN,6040771,Pendidikan Teknologi dan Kejuruan (S2),98,21,0,4
ABI SOPYAN FEBRIANTO,6745861,Pendidikan Manajemen Perkantoran (S1),47,21,0,1
NENI SRI WULANDARI,5994678,Ilmu Ekonomi dan Keuangan Islam (S1),64,21,0,2
KUNTHI HERMA DWIDAYATI,6745863,Arsitektur (S1),25,20,0,1
WACHYU SUNDAYANA,6109607,Unknown,284,18,3,8
ENDANG DANIAL AR,5991806,Unknown,122,18,0,6
MUBAROK SOMANTRI,6667697,Pendidikan Guru Sekolah Dasar (S1),26,18,0,1
YOYOH SITI MARIAH,6682409,Pendidikan Seni Tari (S1),90,18,0,4
FAJRIA SALIHA PUSPITA PRAMESWARI,6745716,Gizi (S1),20,18,0,1
ELIH MULYANA,5996270,Pendidikan Teknik Otomasi Industri dan Robotika (S1),358,18,0,6
O. SOLEHUDIN,5988101,Unknown,43,17,0,2
WELSI DAMAYANTI,5992858,Ilmu Komunikasi (S1),115,17,0,4
BUDHI TRISTYANTO,6659492,PGPAUD Kampus Serang (S1),88,17,0,3
TEGUH IBRAHIM,5994738,Unknown,68,17,0,5
RISWANDA SETIADI,5990173,Unknown,231,30,2,6
Saskia Kanisaa Puspanikan,6745852,Teknik Logistik (S1),32,30,0,0
NUKI NURHANI,6754013,Pendidikan Bahasa Jerman (S1),49,30,0,1
HARUN IMANSYAH,6186539,Pendidikan Fisika (S1),189,30,3,9
RINALDI SUPRIADI,6745756,Pendidikan Bahasa Arab (S1),48,30,0,3
EEN RATNENGSIH,5996180,Pendidikan Khusus (S1),101,30,0,3
TASWADI,5995281,Pendidikan Seni Rupa (S1),90,30,0,1
NETTI SISKA NURHAYATI,5994146,Manajemen (S1),75,30,0,0
MIA NURMALA,6746457,Pendidikan Bahasa Arab (S1),36,30,0,0
ATAT SITI NURANI,5999585,Pendidikan Tata Boga (S1),144,29,1,5
KUNTHI HERMA DWIDAYATI,6745863,Arsitektur (S1),25,20,0,1
TOTO SUBROTO,6067858,Pendidikan Profesi Guru (Profesi),50,20,0,0
RIDHA MUSTAQIM,6024490,Unknown,35,20,0,1
OOM SITTI HOMDIJAH,6019625,Pendidikan Khusus (S2),53,20,0,2
UNANG PURWANA,6752175,Pendidikan Fisika (S1),50,20,0,5
FAISAL SADAM MURRON,6722111,Pendidikan Guru Sekolah Dasar (S1),23,20,0,2
SITI PARHAH,5993429,Pendidikan Ekonomi (S1),63,20,0,2
ANGGI MAULANA RIZQI,6752447,PGPAUD Kampus Tasikmalaya (S1),22,20,0,1
RAMA NIDA SIREGAR,6745407,Unknown,28,20,0,5
I GUSTI KOMANG ARYAPRASTYA AGU,5995119,Unknown,42,20,0,5
ERRY SUKRIAH,6721572,Manajemen Resort dan Leisure (S1),48,19,0,2
ENDANG DEDY,5996300,Matematika (S1),69,19,0,5
DIAS PRATAMI PUTRI,6745906,Manajemen Industri Katering (S1),35,19,0,2
CARSIWAN,6186530,"Pendidikan Jasmani, Kesehatan Dan Rekreasi (S1)",46,19,0,2
OOM ROHMAH,6000571,"Pendidikan Jasmani, Kesehatan Dan Rekreasi (S1)",22,19,0,0
FAUZI RAHMANNULLAH,6081556,Pendidikan Teknik Arsitektur (S1),44,19,0,0
YANA ROHMANA,5993436,Pendidikan Ekonomi (S1),153,19,0,7
DWI HERYANTO,5994735,Pendidikan Guru Sekolah Dasar (S1),95,19,0,6
ERNALIS,6123293,Unknown,89,19,0,2
ISMAWATI KOSASIH,6753136,Psikologi (S1),20,19,0,1
SUHAEDAH,6000245,Unknown,24,17,0,0
TETEN HIDAYAT,6730939,Unknown,52,17,0,3
OMAN SUKIRMAN,5992874,Industri Pariwisata (S1),100,17,1,2
TEGUH IBRAHIM,5994738,Unknown,68,17,0,5
MOCHAMAD WHILKY RIZKYANFI,6683506,Unknown,37,17,0,2
SETYO WAHJU WIBOWO,6682158,Pendidikan Khusus (S1),31,17,0,0
E DEDI DJUBAEDI ROSALA,6043383,Unknown,51,17,0,6
PUTRI NOVITASARI,6745725,Gizi (S1),44,17,0,1
INDAH FITRIANI,6682524,Akuntansi (S1),122,17,0,2
MELIA DEWI JUDIASRI,6104059,Pendidikan Bahasa Jepang (S1),52,16,0,3
CUCU SUTIANAH,6794490,Desain Produk Industri Kampus Tasikmalaya (S1),18,16,0,4
HERWAN DERMAWAN,6003810,Teknik Sipil (S1),52,15,0,3
RIDWAN PURNAMA,5994356,Manajemen (S3),236,15,0,7
ZACKIYAH,6683065,Kimia (S1),162,15,2,5
EFFY MULYASARI,5993306,Pendidikan Guru Sekolah Dasar (S1),111,15,0,7
IVAN RIVAN FIRDAUS,6763785,Pendidikan Kepelatihan Olahraga (S1),17,15,0,0
R NADIA HANOUM,5996024,Teknologi Pendidikan (S1),92,15,1,0
HILMAN TAUFIQ ABDILLAH,6147665,Manajemen Industri Katering (S1),19,15,0,1
MUHAMAD TAFAQUR,6732205,Pendidikan Kepelatihan Olahraga (S1),57,15,0,3
BADRIA MUNTASHOFI,6722099,Pendidikan Akuntansi (S1),40,14,0,2
AHMAD SATIBI,6746211,Pendidikan Kelautan dan Perikanan Kampus Serang (S1),30,22,0,1
AMIR,6003744,Pendidikan Bahasa Jerman (S1),185,22,0,2
ALI KUSRIJADI,6071327,Pendidikan Kimia (S1),114,21,0,6
DEWI MUNAWWARAH SYA BANI,6682556,Pendidikan Seni Rupa (S1),37,21,0,1
"DR. NANDI WARNANDI, M.PD",6126191,Pendidikan Khusus (S1),77,21,0,3
SUDEWI,5995040,Pendidikan Tata Boga (S1),76,21,0,3
GEBI DWIYANTI,6683479,Unknown,170,21,3,10
RISTY JUSTICIA,6681885,PGPAUD Kampus Purwakarta (S1),78,21,0,5
LIRA FESSIA DAMAIANTI,6683931,Psikologi (S1),42,21,0,0
DELITA SEPTIA ROSDIANA,6726328,Gizi (S1),74,21,0,1
SRI WIYANTI,5982361,Bahasa dan Sastra Indonesia (S1),70,14,0,1
RESTI INDRIARTI,6762460,Pendidikan Manajemen Perkantoran (S1),17,14,0,1
ERNA KRISNANTO,6126833,Arsitektur (S1),156,14,1,3
SUGIHARTONO,5995250,Pendidikan Bahasa Jepang (S1),18,14,0,1
ALIT RAHMAT,6200015,"Pendidikan Jasmani, Kesehatan Dan Rekreasi (S1)",49,14,0,0
MUTHIA ALINAWATI,5995433,Teknologi Pendidikan (S1),71,14,0,4
ANDI SURYADI,6722180,Pendidikan Seni Rupa (S1),14,14,0,0
KARPIN,5994951,Pendidikan Tata Boga (S1),36,14,0,3
GILANG GINANJAR HIDAYATULLAH,6747022,PGSD Penjas Kampus Sumedang (S1),15,14,0,1
"IFA HANIFAH MISBACH, S.PSI., M.A.,PSIKOLOG",6798599,Psikologi (S1),89,14,2,2
WILDAN NURHIDAYAT,6745733,Industri Pariwisata (S1),30,29,0,0
HARPA SUGIHARTI,6706287,Pendidikan Akuntansi (S1),47,29,0,2
ASHANTI WIDYANA,6745826,Pendidikan Bahasa Korea (S1),35,29,0,1
DIAH ZALEHA WYANDINI,6124256,Psikologi (S1),84,29,0,2
ARIM NASIM,6009264,Magister Ilmu Akuntansi (S2),128,29,0,5
BADRU ZAMAN,6126038,Pendidikan Guru Pendidikan Anak Usia Dini (S1),170,29,1,9
ARIESSA RACMADHANY,6127790,Pendidikan Bahasa Perancis (S1),63,29,0,2
LES PINGON,6737713,Desain Produk Industri Kampus Tasikmalaya (S1),30,29,0,1
YOGI AKIN,5993593,PGSD Penjas Kampus Sumedang (S1),120,29,1,4
NUNUNG SITARESMI,5993254,Bahasa dan Sastra Indonesia (S1),80,29,0,4
NANANG DWI ARDI,257201,Fisika (S1),453,19,4,6
ERNALIS,6123293,Unknown,89,19,0,2
ANGGIT MERLIANA,6745972,PGSD Kampus Tasikmalaya (S1),21,18,0,3
ASEP SUDARSYAH,5985740,Administrasi Pendidikan (S1),146,18,0,6
SYIFA FAJAR MAULANI,6787008,Logistik Kelautan (S1),21,18,0,2
TOTO FATHONI,5995741,Teknologi Pendidikan (S1),86,18,1,6
ARI ARASY MAGISTRA,6691525,Pendidikan Guru Sekolah Dasar (S1),18,18,0,0
GITA SISWHARA,5978179,Manajemen Pemasaran Pariwisata (S1),53,18,0,2
MIMIN NURJHANI K,6126071,Pendidikan Biologi (S1),107,18,0,1
KHOLID ABDULLAH HARRAS,5993658,Bahasa dan Sastra Indonesia (S1),47,18,0,0
ANIRA,6745717,PGSD Pendidikan Jasmani (S1),27,12,0,2
YAYAN SUNARYA,5975363,Unknown,222,12,0,13
FITRINA KURNIATI,6753806,Pendidikan Akuntansi (S1),19,12,0,1
ASEP AHMAD RURI IRWANTO,6125297,Unknown,17,12,0,1
HAFDARANI,6144965,Pendidikan Bahasa Jerman (S1),43,12,0,1
YULIA PUSPITA,5995496,Pendidikan Seni Rupa (S1),42,12,0,2
MELIA HANDAYANI,6787010,Logistik Kelautan (S1),13,11,0,2
ICHWAN NUL ICHSAN,6721201,Sistem Telekomunikasi (S1),13,11,0,2
WORO PRIATINI,6148424,Manajemen Industri Katering (S1),65,11,0,3
SUMIYATI,5984822,Unknown,131,11,1,7
TJUTJU SOENDARI,6127679,Unknown,132,10,0,8
CICIH SUTARSIH,6722015,Administrasi Pendidikan (S1),188,10,0,2
AMSOR,6681838,Pendidikan Fisika (S1),91,10,1,1
YADI RUKMAYADI,6755804,Desain Komunikasi Visual (S1),19,10,0,2
MEMEN DURACHMAN ,5994265,Bahasa dan Sastra Indonesia (S1),48,10,0,4
PEBI YUDA PRATAMA,6745867,Teknik Logistik (S1),13,10,0,1
HENDRI WINATA,5994640,Pendidikan Manajemen Perkantoran (S1),186,9,0,9
ALI MECCA,6653045,Ilmu Komunikasi (S1),32,9,0,1
SUMARDIYANTO,5995197,Unknown,44,9,0,3
FAQIH SAMLAWI,5994693,Pendidikan Akuntansi (S1),13,9,0,0
SUMIYATI,5984822,Unknown,131,11,1,7
ANDINI SETYA ARIANTI,6751563,Pendidikan Ilmu Komputer (S1),23,11,0,0
ROSIANA MUFLIVA,6134306,Pendidikan Guru Sekolah Dasar (S1),20,11,0,1
AYAT SURYATNA,5995309,Unknown,43,11,0,3
FRANSISCA SUDARGO,6671525,Unknown,307,11,2,11
RIJAL KHAERANI,6722119,Manajemen Pemasaran Pariwisata (S1),39,11,0,1
ISMAIL YUSUF,6146933,Kewirausahaan Kampus Tasikmalaya (S1),26,11,0,0
DENNY ISKANDAR,5993449,Pendidikan Bahasa Dan Sastra Indonesia (S1),35,11,0,3
MIRNA NUR ALIA ABDULLAH,5993465,Pendidikan Sosiologi (S1),476,11,0,4
SUWIRTA,5977199,Pendidikan Sejarah (S1),201,11,0,13
HERY SANTOSA,5995985,Pendidikan Seni Rupa (S1),37,8,0,0
META ARIEF,5994696,Manajemen (S3),127,8,0,0
ELIN ROSALIN,6664208,Administrasi Pendidikan (S1),108,8,0,7
ASTUTI,6000351,Pendidikan Tata Busana (S1),28,8,0,0
GILANG GARNADI SURYADI,6746164,Pendidikan Teknologi Agroindustri (S1),10,8,0,1
UUS KUSNADI,6133577,PGSD Kampus Cibiru (S1),25,8,0,0
ANDRI PAHRULROJI,6779729,Desain Produk Industri Kampus Tasikmalaya (S1),8,7,0,1
"YOGA PERDANA, S.E,, M.S.M",6681836,Manajemen (S1),41,7,0,3
DADANG SULAEMAN,5995188,Pendidikan Seni (S2),14,7,0,1
YAKUB MALIK,6148712,Survey Pemetaan dan Informasi Geografis (D3),85,7,0,0
HENRI NUSANTARA,6125366,Pendidikan Seni Musik (S1),25,7,0,1
DUDUNG GUMILAR,5994435,Pendidikan Bahasa Perancis (S1),20,7,0,1
YAKUB MALIK,6148712,Survey Pemetaan dan Informasi Geografis (D3),85,7,0,0
AGUS SUPRIYATNA,6006300,Pendidikan Seni Tari (S1),67,7,0,2
RISYA LADIVA BRIDHA,6768380,Manajemen Industri Katering (S1),11,7,0,1
NANI HARTINI,6125291,Administrasi Pendidikan (S1),46,7,0,1
D NUNU HERYANTO,5994739,Unknown,32,7,0,0
WAWAN HERMAWAN,6683394,Unknown,17,7,0,1
KUKUH PRAKOSO,6689126,Unknown,15,7,0,3
OKTOVIANA NUR AJID,6745718,Kepelatihan Fisik Olahraga (S1),20,7,0,1
ASKOLANI,6686495,Manajemen (S1),74,13,0,2
ENDA PERMANA,6721296,Unknown,33,13,0,3
RD. DELLA NURIDAH K.S.A.,6681781,Pendidikan Bahasa Inggris (S1),73,13,2,3
SETYANINGSIH RACHMANIA,5996856,PGSD Kampus Cibiru (S1),23,13,0,2
MARISA NOVIYANTI FAJRAH ILSYA,6798192,"Pendidikan Jasmani, Kesehatan Dan Rekreasi (S1)",13,12,0,1
DENNY ANDRIANA,5996554,Akuntansi (S1),106,12,0,6
ADI ARDIANSYAH,6128192,Pendidikan Teknik Arsitektur (S1),23,12,0,1
SIFA RINI HANDAYANI,6681423,Keperawatan Kampus Sumedang (S1),18,12,0,2
FAUJIAN ESA GUMELAR,6745753,Pendidikan Sejarah (S1),21,12,0,1
ANIRA,6745717,PGSD Pendidikan Jasmani (S1),27,12,0,2
NANA GANDA,6141449,PGSD Kampus Tasikmalaya (S1),71,16,0,7
GUMILAR PRATAMA,5996006,Unknown,33,16,0,1
RUSWANDI HERMAWAN,6002408,Pendidikan Guru Sekolah Dasar (S1),108,16,0,7
SYAIFULLAH,6035861,Pendidikan Sosiologi (S2),110,16,0,5
MELIA DEWI JUDIASRI,6104059,Pendidikan Bahasa Jepang (S1),52,16,0,3
HENDRO MURTIANTO,6115607,Pendidikan Geografi (S1),53,16,0,3
BEBEN BARNAS,6046740,Pendidikan Seni Tari (S1),60,16,0,1
EUIS FARIDA,6000811,Unknown,24,16,0,0
MIMIN WIDANINGSIH,6140348,Akuntansi (S1),55,16,0,5
FAHRY AHMAD,6750781,Manajemen Pemasaran Pariwisata (S1),16,16,0,2
RD DIAH SRIHARTATI R,6707004,Arsitektur (D3),8,7,0,1
AAN KUSDIANA,6067562,Unknown,68,7,0,7
MAMAN ABDURAHMAN SAEPULRAHMAN,5999937,Unknown,288,7,0,0
FARHAN ZAKARIYYA,6722858,Psikologi (S1),15,6,0,2
AI NURHAYATI,5994450,Pendidikan Tata Boga (S1),136,6,0,6
ARYANTI,6798533,Pedagogik (S2),8,6,0,1
GEMALA NURENDAH,6691542,Psikologi (S1),28,6,0,2
MUHAMMAD NUR,6754368,Pendidikan IPS (S1),8,6,0,1
DIAN ADDINNA,6749268,Pendidikan Manajemen Perkantoran (S1),20,6,0,1
NURZAMAN,6121925,Unknown,96,6,0,3
SUMARDIYANTO,5995197,Unknown,44,9,0,3
ALI MECCA,6653045,Ilmu Komunikasi (S1),32,9,0,1
FAQIH SAMLAWI,5994693,Pendidikan Akuntansi (S1),13,9,0,0
ADE YULIANTO,6735029,Unknown,27,9,0,0
DUDUNG PRIATNA,6006765,PGSD Kampus Cibiru (S1),124,9,0,4
NUNY SULISTIANY IDRIS,6682825,Pendidikan Bahasa Indonesia Bagi Penutur Asing (S2),32,9,0,0
DIDIN SYAHRUDDIN,6006709,PGSD Kampus Cibiru (S1),44,9,0,3
DODDY RUSMONO,5995573,Unknown,57,9,0,4
RESPATY MULYANTO,6724824,PGSD Penjas Kampus Sumedang (S1),54,8,0,5
HERY SANTOSA,5995985,Pendidikan Seni Rupa (S1),37,8,0,0
NANANG SUPRIATNA,6738985,Pendidikan Seni Musik (S1),200,14,0,2
MUHAMMAD ARIEZ MUSTHOFA,5997910,Psikologi (S1),48,14,0,0
RUSWENDI PERMANA,5987789,Unknown,129,14,0,4
GIA NIKAWANTI,6653966,PGPAUD Kampus Purwakarta (S1),53,13,0,3
SRI MARHANAH,5993537,Manajemen Resort dan Leisure (S1),59,13,0,6
DADANG MACHMUDIN,6778774,Pendidikan Biologi (S1),22,13,0,2
ENGKUR KURDITA,6125039,Pendidikan Seni Musik (S1),38,13,0,2
ANI PINAYANI,5993275,Pendidikan Ekonomi (S1),67,13,0,3
SANDI BUDHI IRIAWAN,5995502,Pendidikan Guru Sekolah Dasar (S1),39,13,0,0
ENDA PERMANA,6721296,Unknown,33,13,0,3
ENCEP KUSUMAH,5993535,Pendidikan Bahasa Dan Sastra Indonesia (S1),37,6,0,2
"R. MOCH. RIZAL HAFIYAN, S.PD., M.DS.",6779918,Desain Produk Industri Kampus Tasikmalaya (S1),47,6,0,0
RACHMI NURSIFA YAHYA,6745655,Unknown,7,6,0,2
HOKCU SUHANDA,6683216,Pendidikan Kimia (S1),42,6,0,2
DEDI SASMITA,6799085,Pendidikan Fisika (S1),58,5,2,0
NURDIN,5995286,Administrasi Pendidikan (S1),204,5,0,1
BASIRAN,6146033,Unknown,11,5,0,0
SUDJIANTO,6005817,Pendidikan Bahasa Jepang (S1),26,5,0,0
SUHANDY SISWOYO,6000767,Arsitektur (S1),17,5,0,2
WAGINO HAMID HAMDANI,5994674,Unknown,57,5,0,2
ITA JUWITANINGRUM,6746336,Psikologi (S1),33,4,0,2
ALFIAN AZHAR YAMIN,6779734,Desain Produk Industri Kampus Tasikmalaya (S1),5,4,0,1
DEDENG ROSIDIN,6123374,Unknown,50,4,0,3
NENDEN LILIS AISYAH,5994508,Bahasa dan Sastra Indonesia (S1),104,4,0,2
MAKHMUD SYAFEI,5992359,Pendidikan Agama Islam (S2),42,4,0,2
MUCHAMAD HARTANTO,6745775,Unknown,9,4,0,3
EKA RAHMAT FAUZY,6778461,Pendidikan Bahasa Dan Sastra Indonesia (S1),5,4,0,1
RD SAFRINA,6126929,Linguistik (S3),43,4,0,2
ALI NUGRAHA,6140594,Pendidikan Guru Pendidikan Anak Usia Dini (S1),212,4,0,8
BEN NOVARRO BATUBARA,6710018,Teknik Sipil (S1),18,4,0,1
SUDJIANTO,6005817,Pendidikan Bahasa Jepang (S1),26,5,0,0
SUHANDY SISWOYO,6000767,Arsitektur (S1),17,5,0,2
IKBAL GENTAR ALAM,6166508,"Pendidikan Jasmani, Kesehatan Dan Rekreasi (S1)",11,5,0,1
WINA SANJAYA,5987718,Unknown,301,5,0,20
LENI YULIYANTI,5995730,Pendidikan Akuntansi (S1),60,5,0,5
NONO HARSONO SUNARIA,6006178,Unknown,39,5,0,2
GHIA GHAIDA KANITA,6084910,Kewirausahaan Kampus Tasikmalaya (S1),39,4,0,2
ASEP KURNIAWAN,5993334,Pendidikan Akuntansi (S1),76,4,1,2
MUCHAMAD HARTANTO,6745775,Unknown,9,4,0,3
MAKHMUD SYAFEI,5992359,Pendidikan Agama Islam (S2),42,4,0,2
GHIA TRI JAYANTI,6779731,Desain Produk Industri Kampus Tasikmalaya (S1),3,2,0,0
BEBEN BARNAS,6806754,Unknown,28,1,0,1
SUKA PRAYANTA PANDIA,6745613,Manajemen Pemasaran Pariwisata (S1),9,1,0,1
DESIANI NATALINA MULIASARI,6097063,PGPAUD Kampus Cibiru (S1),64,1,0,4
ABRAHAM MORA,6778862,Kimia (S1),2,1,0,0
ALDIAN HUDAYA,6756536,Unknown,5,1,0,2
ELLINA RIENOVITA,6681702,Teknologi Pendidikan (S1),53,1,1,2
WAHYU ERIDIANA,5992779,Unknown,57,1,0,5
ILMIATI TSANIAH,6806935,Unknown,1,1,0,0
MUHAMMAD JAGAT DERMAWAN,6749544,Unknown,1,1,0,0
D WAHYUDIN,5995818,PGSD Kampus Purwakarta (S1),4,3,0,0
ADE CAHYANA,5994790,Unknown,29,3,0,3
NOVI PURNAMA KOSWARA,6763694,Musik (S1),4,3,0,0
LADY JANUASTI MERDIAN,6754787,Unknown,7,3,0,1
M. AZHARI PANJAITAN,6770980,Unknown,3,3,0,1
QISTIKE HANDAY PUGAR,6754567,Unknown,3,3,0,1
HERI PUSPITO DIYAH SETIYORINI,5978343,Manajemen Pemasaran Pariwisata (S1),172,3,1,7
DHARMA KESUMA,5994667,Unknown,272,3,0,10
ASEP RIDWAN LUBIS,6776953,Pendidikan Bisnis (S1),7,3,0,0
UEP TATANG SONTANI,5994535,Unknown,84,2,0,7
IRENA NOVARLIA,6784293,Industri Pariwisata (S1),10,4,0,1
BEN NOVARRO BATUBARA,6710018,Teknik Sipil (S1),18,4,0,1
FEBRIANA PRATIWI,6172529,Unknown,10,3,0,1
NINA SUNDARI,6006736,Unknown,63,3,0,4
FARHAN REZA PAZ,6745759,Musik (S1),4,3,0,0
RITA TILA,6745765,Musik (S1),4,3,0,0
YADI SUNARYADI,5994379,Pendidikan Kepelatihan Olahraga (S1),102,3,0,4
INU HARDI KUSUMAH,6721720,Pendidikan Teknologi dan Kejuruan (S2),66,3,0,5
SUHERMAN,6141851,Psikologi Pendidikan (S2),47,3,0,0
ADE CAHYANA,5994790,Unknown,29,3,0,3
NANDANG,6810537,Kewirausahaan Kampus Tasikmalaya (S1),1,1,0,0
ILMIATI TSANIAH,6806935,Unknown,1,1,0,0
MUHAMMAD JAGAT DERMAWAN,6749544,Unknown,1,1,0,0
NUR MUTHMAINAH,6787024,Pendidikan Bahasa Jerman (S1),5,1,0,0
GANANG DWI ASMORO,6745807,Musik (S1),12,1,0,1
DALLY NUR ARIF,6745748,Industri Pariwisata (S1),3,1,0,1
MUHAMMAD JAGAT DERMAWAN,6749535,Unknown,1,1,0,0
SUDIRMAN,6126824,Pendidikan Sejarah (S2),0,0,0,0
CHARLOTTE AMBAT HARUN,5994564,Unknown,25,0,0,3
REZKA BUNAIYA PRAYUDHA,6830458,Unknown,1,0,0,1
TITING ROHAYATI,6006822,Unknown,42,0,0,3
AFDHAL ZIKRI ZZ,6745824,Musik (S1),3,0,0,1
NIA SUTISNA,6038178,Unknown,26,0,0,3
HIDAYAT,6143552,Unknown,5,0,0,0
APEP KAMALUDIN,259507,Unknown,94,0,0,2
KUSMAN RUKMANA,6824170,PGSD Kampus Sumedang (S1),0,0,0,0
SETIAWATI,5995343,Bimbingan Dan Konseling (S2),4,0,0,0
BURHANUDDIN TR,6604841,Unknown,17,0,0,3
ENING WIDANINGSIH,6006733,Unknown,30,0,0,2
SOEPRAPTO RAKHMAT,6006953,Unknown,28,0,0,2
NOVI RESMINI,5993779,Bahasa dan Sastra Indonesia (S1),229,2,0,14
DADANG SUDRAJAT,5995404,Bimbingan Dan Konseling (S1),46,2,0,5
YUDI AHMAD HAMBALI,6745712,Ilmu Komputer (S1),5,2,0,0
SURYADI,5994871,Desain Komunikasi Visual (S1),16,2,0,0
DEDI SUPIYADI,6076725,Unknown,93,2,0,0
ASEP SETIADI,6127256,Unknown,50,2,0,0
ZULKILFI SIDIQ,6038302,Unknown,12,2,0,2
RENI HAERANI,6802163,Pendidikan Seni (S2),5,2,0,2
GHIA TRI JAYANTI,6779731,Desain Produk Industri Kampus Tasikmalaya (S1),3,2,0,0
RAMA WIJAYA ABDUL ROZAK,6655158,Unknown,164,2,0,0
MUHAMMAD HANIF,6720251,Unknown,1,0,0,0
TRI WIDODO,5986311,Unknown,20,0,0,1
KOMARIAH,6005585,PGSD Kampus Cibiru (S1),9,0,0,1
FUTRI USWATUN KHASANAH,6694543,Unknown,0,0,0,0
LINA AVIYANTI,6735786,Pendidikan Fisika (S1),29,0,1,0
SUROSO ADI YUDIANTO,6038437,Pendidikan Biologi (S2),49,0,0,5
SUDIRMAN,6126824,Pendidikan Sejarah (S2),0,0,0,0
CHARLOTTE AMBAT HARUN,5994564,Unknown,25,0,0,3
KARSO,5995268,Unknown,67,0,1,2
REZKA BUNAIYA PRAYUDHA,6830458,Unknown,1,0,0,1
CHARLOTTE AMBAT HARUN,5994564,Unknown,25,0,0,3
KARSO,5995268,Unknown,67,0,1,2
REZKA BUNAIYA PRAYUDHA,6830458,Unknown,1,0,0,1
DIAN YULIANA,5986682,Unknown,77,0,1,4
SUPRATMAN AGUS,5977480,Unknown,134,0,2,4
MOCH.ERYK KAMSORI,5993589,Unknown,0,0,0,0
KARDJONO,6745760,Unknown,3,0,0,0
WARDAYA,6038177,Unknown,57,0,0,3
 LUCKY HERLIAWAN YANUARSYAH AMALPUTRA,6796265,Pendidikan Bahasa Perancis (S2),4,0,0,0
DIDI SUPRIADIE,5996002,Unknown,108,0,0,5
R TATI KUSTIAWATI,5995232,Bimbingan Dan Konseling (S1),1,0,0,0
AMMI SYULASMI,6655570,Unknown,15,0,0,1
REGINA LICHTERIA PANJAITAN,5996995,PGSD Kampus Sumedang (S1),474,0,2,8
KARDJONO,6745760,Unknown,3,0,0,0
 LUCKY HERLIAWAN YANUARSYAH AMALPUTRA,6796265,Pendidikan Bahasa Perancis (S2),4,0,0,0
AMMI SYULASMI,6655570,Unknown,15,0,0,1
DIDI SUPRIADIE,5996002,Unknown,108,0,0,5
R TATI KUSTIAWATI,5995232,Bimbingan Dan Konseling (S1),1,0,0,0
REGINA LICHTERIA PANJAITAN,5996995,PGSD Kampus Sumedang (S1),474,0,2,8
SITI ASFIYAYI LILI N,6000143,Bimbingan Dan Konseling (S1),7,0,0,1
DEDI SUPRIAWAN,6041463,Unknown,111,0,1,6
ENANG SUMA ARIFYANTO,6122141,Unknown,41,0,0,1
AGUS MULYANA,6791319,PGSD Kampus Cibiru (S1),41,0,0,0
ARYANTI,6798533,Pedagogik (S2),8,6,0,1
GEMALA NURENDAH,6691542,Psikologi (S1),28,6,0,2
DIAN ADDINNA,6749268,Pendidikan Manajemen Perkantoran (S1),20,6,0,1
MUHAMMAD NUR,6754368,Pendidikan IPS (S1),8,6,0,1
NURZAMAN,6121925,Unknown,96,6,0,3
RITA SHINTAWATI,6124163,Unknown,63,6,0,2
SUDARSONO M I,6126974,Pendidikan Bahasa Inggris (S1),37,6,0,2
ROBANDI RONI MOH ARIFIN,6130541,Unknown,48,6,0,2
AYUNINGTYAS INDRAWATI,6088684,Unknown,17,6,0,5
"R. MOCH. RIZAL HAFIYAN, S.PD., M.DS.",6779918,Desain Produk Industri Kampus Tasikmalaya (S1),47,6,0,0
